id,acquired_utc,date,item_type,satellite_id,instrument,quality_category,cloud_percent_scene,clear_percent_scene,visible_percent_scene,shadow_percent,heavy_haze_percent,usable_data,units_intersected,pct_units_intersected,pct_unit_area_covered,intersects_lower_pajaro,n_permissions
20230310_180002_43_24b5,2023-03-10T18:00:02.436328Z,2023-03-10,PSScene,24b5,PSB.SD,test,84,6,16,0,0,,0,0.0,0.0,False,0
20230310_180004_81_24b5,2023-03-10T18:00:04.811954Z,2023-03-10,PSScene,24b5,PSB.SD,test,76,10,22,0,2,,258,19.545454545454547,9.71009096705538,True,0
20230310_180007_18_24b5,2023-03-10T18:00:07.18758Z,2023-03-10,PSScene,24b5,PSB.SD,test,54,16,44,0,1,,567,42.95454545454545,54.5743080342317,True,0
20230310_180009_56_24b5,2023-03-10T18:00:09.563206Z,2023-03-10,PSScene,24b5,PSB.SD,test,61,15,33,0,5,,202,15.303030303030301,24.516432660123776,False,0
20230310_182846_21_247c,2023-03-10T18:28:46.216887Z,2023-03-10,PSScene,247c,PSB.SD,test,39,17,61,0,0,,3,0.22727272727272727,0.09005601357494401,False,0
20230310_182848_39_247c,2023-03-10T18:28:48.39614Z,2023-03-10,PSScene,247c,PSB.SD,test,20,18,80,0,0,,176,13.333333333333334,8.23588902647615,True,0
20230310_182850_57_247c,2023-03-10T18:28:50.575392Z,2023-03-10,PSScene,247c,PSB.SD,test,45,22,54,0,1,,429,32.5,33.065750132152004,True,0
20230310_182852_75_247c,2023-03-10T18:28:52.754646Z,2023-03-10,PSScene,247c,PSB.SD,test,43,19,41,0,16,,323,24.46969696969697,37.24746215516406,False,0
20230310_182854_93_247c,2023-03-10T18:28:54.933898Z,2023-03-10,PSScene,247c,PSB.SD,test,46,16,34,0,20,,22,1.6666666666666667,1.7571969735486808,False,0
20230311_175302_69_2447,2023-03-11T17:53:02.690412Z,2023-03-11,PSScene,2447,PSB.SD,test,98,1,2,0,0,,228,17.272727272727273,12.796410316946186,True,0
20230311_175304_86_2447,2023-03-11T17:53:04.864814Z,2023-03-11,PSScene,2447,PSB.SD,test,99,1,1,0,0,,932,70.60606060606061,55.0367022670257,True,0
20230311_175307_03_2447,2023-03-11T17:53:07.039216Z,2023-03-11,PSScene,2447,PSB.SD,standard,88,11,11,0,1,,386,29.242424242424242,44.067426781334085,False,0
20230311_175309_21_2447,2023-03-11T17:53:09.213618Z,2023-03-11,PSScene,2447,PSB.SD,standard,71,26,29,2,0,,13,0.9848484848484848,1.408901736391441,False,0
20230311_183158_85_2489,2023-03-11T18:31:58.855585Z,2023-03-11,PSScene,2489,PSB.SD,test,94,5,6,0,0,,413,31.287878787878785,19.526902355372897,True,0
20230311_183203_22_2489,2023-03-11T18:32:03.228192Z,2023-03-11,PSScene,2489,PSB.SD,standard,83,14,17,3,0,,418,31.666666666666664,50.09968441051698,False,0
20230311_183205_41_2489,2023-03-11T18:32:05.414496Z,2023-03-11,PSScene,2489,PSB.SD,test,77,19,22,4,0,,27,2.0454545454545454,2.08597309701902,False,0
20230312_175345_18_2442,2023-03-12T17:53:45.188888Z,2023-03-12,PSScene,2442,PSB.SD,test,34,18,66,0,0,,2,0.15151515151515152,0.03759652374730946,False,0
20230312_175347_37_2442,2023-03-12T17:53:47.378844Z,2023-03-12,PSScene,2442,PSB.SD,test,68,13,30,0,1,,2,0.15151515151515152,0.03759652374730946,False,0
20230312_175544_40_2421,2023-03-12T17:55:44.409694Z,2023-03-12,PSScene,2421,PSB.SD,test,79,9,13,0,8,,30,2.272727272727273,1.0186252231152786,True,0
20230312_175546_60_2421,2023-03-12T17:55:46.600344Z,2023-03-12,PSScene,2421,PSB.SD,test,90,4,5,0,5,,745,56.439393939393945,36.46830714849839,True,0
20230312_175548_79_2421,2023-03-12T17:55:48.790994Z,2023-03-12,PSScene,2421,PSB.SD,standard,96,3,4,0,0,,563,42.65151515151515,57.55237674375321,True,0
20230312_175550_98_2421,2023-03-12T17:55:50.981644Z,2023-03-12,PSScene,2421,PSB.SD,standard,49,38,46,1,5,,146,11.06060606060606,19.303981053012237,False,0
20230312_182954_69_2470,2023-03-12T18:29:54.698849Z,2023-03-12,PSScene,2470,PSB.SD,standard,22,16,40,0,38,,39,2.9545454545454546,3.3801355136496567,False,0
20230312_182956_89_2470,2023-03-12T18:29:56.890456Z,2023-03-12,PSScene,2470,PSB.SD,test,19,38,59,2,22,,1,0.07575757575757576,0.08415531167715351,False,0
20230313_175751_21_24d0,2023-03-13T17:57:51.216506Z,2023-03-13,PSScene,24d0,PSB.SD,standard,22,71,77,5,0,,0,0.0,0.0,False,0
20230313_175753_63_24d0,2023-03-13T17:57:53.631261Z,2023-03-13,PSScene,24d0,PSB.SD,standard,23,71,76,3,1,,80,6.0606060606060606,7.774020970865945,False,0
20230313_180042_70_24c7,2023-03-13T18:00:42.707878Z,2023-03-13,PSScene,24c7,PSB.SD,standard,31,35,47,1,22,,263,19.924242424242426,14.414031914903878,True,0
20230313_180045_08_24c7,2023-03-13T18:00:45.085484Z,2023-03-13,PSScene,24c7,PSB.SD,standard,22,60,73,3,5,,1009,76.43939393939394,64.02641506704013,True,0
20230313_180047_46_24c7,2023-03-13T18:00:47.46309Z,2023-03-13,PSScene,24c7,PSB.SD,standard,51,41,46,2,2,,456,34.54545454545455,53.954262868998164,False,0
20230313_180049_84_24c7,2023-03-13T18:00:49.840696Z,2023-03-13,PSScene,24c7,PSB.SD,test,94,4,5,0,1,,25,1.893939393939394,1.96999973998918,False,0
20230313_183111_77_248f,2023-03-13T18:31:11.77807Z,2023-03-13,PSScene,248f,PSB.SD,test,100,0,0,0,0,,2,0.15151515151515152,0.03759652374730946,False,0
20230313_183113_98_248f,2023-03-13T18:31:13.988014Z,2023-03-13,PSScene,248f,PSB.SD,test,90,9,9,0,1,,2,0.15151515151515152,0.03759652374730946,False,0
20230315_174949_31_2431,2023-03-15T17:49:49.317813Z,2023-03-15,PSScene,2431,PSB.SD,standard,63,31,37,6,0,,0,0.0,0.0,False,0
20230315_174951_51_2431,2023-03-15T17:49:51.511268Z,2023-03-15,PSScene,2431,PSB.SD,standard,57,40,43,3,0,,106,8.030303030303031,11.566533043657595,False,0
20230315_174953_70_2431,2023-03-15T17:49:53.704723Z,2023-03-15,PSScene,2431,PSB.SD,standard,11,87,89,2,0,,68,5.151515151515151,5.891886157326966,False,0
20230315_183011_33_2477,2023-03-15T18:30:11.330116Z,2023-03-15,PSScene,2477,PSB.SD,standard,75,24,25,1,0,,0,0.0,0.0,False,0
20230315_183013_54_2477,2023-03-15T18:30:13.540643Z,2023-03-15,PSScene,2477,PSB.SD,standard,79,17,21,4,0,,371,28.106060606060606,21.19562167279207,True,0
20230315_183015_75_2477,2023-03-15T18:30:15.75117Z,2023-03-15,PSScene,2477,PSB.SD,standard,38,51,62,11,0,,726,55.00000000000001,56.89497825078021,True,0
20230315_183017_96_2477,2023-03-15T18:30:17.961697Z,2023-03-15,PSScene,2477,PSB.SD,standard,17,77,83,7,0,,317,24.015151515151516,39.58535960694528,False,0
20230315_183020_17_2477,2023-03-15T18:30:20.172204Z,2023-03-15,PSScene,2477,PSB.SD,standard,18,78,82,4,0,,1,0.07575757575757576,0.01704612736557911,False,0
20230315_184248_65_2414,2023-03-15T18:42:48.659615Z,2023-03-15,PSScene,2414,PSB.SD,standard,58,39,42,3,0,,167,12.651515151515152,5.923338259152884,True,0
20230315_184250_70_2414,2023-03-15T18:42:50.708662Z,2023-03-15,PSScene,2414,PSB.SD,standard,14,85,86,1,0,,409,30.984848484848488,22.114132796115157,True,0
20230316_183545_80_241c,2023-03-16T18:35:45.800673Z,2023-03-16,PSScene,241c,PSB.SD,standard,1,97,99,2,0,,64,4.848484848484849,2.724111061422131,True,0
20230316_183548_01_241c,2023-03-16T18:35:48.011849Z,2023-03-16,PSScene,241c,PSB.SD,standard,3,95,97,2,0,,564,42.72727272727273,34.266021521742836,True,0
20230316_183550_22_241c,2023-03-16T18:35:50.223005Z,2023-03-16,PSScene,241c,PSB.SD,standard,4,93,96,3,0,,573,43.40909090909091,61.38984822611139,False,0
20230316_183552_43_241c,2023-03-16T18:35:52.434181Z,2023-03-16,PSScene,241c,PSB.SD,standard,2,95,98,2,0,,117,8.863636363636363,13.044684902600865,False,0
20230317_175249_09_2423,2023-03-17T17:52:49.095834Z,2023-03-17,PSScene,2423,PSB.SD,standard,2,98,98,0,0,,102,7.727272727272727,4.714950959723759,True,0
20230317_175253_47_2423,2023-03-17T17:52:53.473722Z,2023-03-17,PSScene,2423,PSB.SD,test,34,61,62,1,5,,117,8.863636363636363,13.109932672284204,False,0
20230317_175748_30_24c0,2023-03-17T17:57:48.305542Z,2023-03-17,PSScene,24c0,PSB.SD,standard,39,60,61,0,0,,0,0.0,0.0,False,0
20230317_175750_71_24c0,2023-03-17T17:57:50.711792Z,2023-03-17,PSScene,24c0,PSB.SD,standard,69,20,30,0,0,,59,4.46969696969697,2.1187093264751615,False,0
20230317_175753_11_24c0,2023-03-17T17:57:53.118042Z,2023-03-17,PSScene,24c0,PSB.SD,standard,40,43,59,0,2,,346,26.212121212121215,36.38922738112113,False,0
20230317_175755_52_24c0,2023-03-17T17:57:55.524292Z,2023-03-17,PSScene,24c0,PSB.SD,standard,49,24,50,0,1,,155,11.742424242424242,17.62493786673073,False,0
20230317_182813_16_248b,2023-03-17T18:28:13.166698Z,2023-03-17,PSScene,248b,PSB.SD,standard,28,71,71,0,0,,2,0.15151515151515152,0.038265250270749084,False,0
20230317_182815_34_248b,2023-03-17T18:28:15.344632Z,2023-03-17,PSScene,248b,PSB.SD,standard,49,50,51,0,0,,293,22.1969696969697,13.76585601583814,True,0
20230317_182817_52_248b,2023-03-17T18:28:17.522566Z,2023-03-17,PSScene,248b,PSB.SD,standard,17,69,79,1,4,,542,41.060606060606055,53.268940355311045,True,0
20230317_182819_70_248b,2023-03-17T18:28:19.7005Z,2023-03-17,PSScene,248b,PSB.SD,standard,52,43,46,1,2,,240,18.181818181818183,30.58755640668701,False,0
20230318_175043_94_2459,2023-03-18T17:50:43.944999Z,2023-03-18,PSScene,2459,PSB.SD,standard,0,29,98,0,2,,0,0.0,0.0,False,0
20230318_175046_18_2459,2023-03-18T17:50:46.186406Z,2023-03-18,PSScene,2459,PSB.SD,standard,0,30,95,0,5,,594,45.0,26.184817194180535,True,0
20230318_175048_42_2459,2023-03-18T17:50:48.427813Z,2023-03-18,PSScene,2459,PSB.SD,standard,0,40,98,0,2,,889,67.34848484848484,58.47295640211537,True,0
20230318_175050_66_2459,2023-03-18T17:50:50.669219Z,2023-03-18,PSScene,2459,PSB.SD,standard,0,60,97,0,3,,282,21.363636363636363,35.99358013768663,False,0
20230318_175052_91_2459,2023-03-18T17:50:52.910626Z,2023-03-18,PSScene,2459,PSB.SD,standard,0,21,71,0,29,,4,0.30303030303030304,0.24301151511357527,False,0
20230318_175842_25_24b6,2023-03-18T17:58:42.252635Z,2023-03-18,PSScene,24b6,PSB.SD,standard,18,0,82,0,0,,283,21.439393939393938,14.217239565240606,True,0
20230318_175844_66_24b6,2023-03-18T17:58:44.664462Z,2023-03-18,PSScene,24b6,PSB.SD,standard,0,17,65,0,35,,551,41.74242424242424,30.57143528390364,True,0
20230318_175847_07_24b6,2023-03-18T17:58:47.076289Z,2023-03-18,PSScene,24b6,PSB.SD,standard,0,25,42,0,58,,46,3.4848484848484853,7.580045298844173,False,0
20230318_175849_48_24b6,2023-03-18T17:58:49.488116Z,2023-03-18,PSScene,24b6,PSB.SD,standard,0,0,15,0,85,,0,0.0,0.0,False,0
20230318_182955_83_2492,2023-03-18T18:29:55.830683Z,2023-03-18,PSScene,2492,PSB.SD,standard,1,2,14,0,85,,0,0.0,0.0,False,0
20230318_182958_03_2492,2023-03-18T18:29:58.03725Z,2023-03-18,PSScene,2492,PSB.SD,standard,1,1,3,0,96,,613,46.439393939393945,27.05640488098325,True,0
20230318_183000_24_2492,2023-03-18T18:30:00.243817Z,2023-03-18,PSScene,2492,PSB.SD,standard,0,1,6,0,94,,885,67.04545454545455,58.961023144388946,True,0
20230318_183002_45_2492,2023-03-18T18:30:02.450384Z,2023-03-18,PSScene,2492,PSB.SD,standard,0,2,5,0,95,,295,22.348484848484848,37.360239902081716,False,0
20230318_183004_65_2492,2023-03-18T18:30:04.656951Z,2023-03-18,PSScene,2492,PSB.SD,standard,3,1,1,0,95,,12,0.9090909090909091,0.7160250952322422,False,0
20230318_183148_23_24a3,2023-03-18T18:31:48.238911Z,2023-03-18,PSScene,24a3,PSB.SD,standard,2,1,1,0,97,,312,23.636363636363637,10.716274982500249,True,0
20230318_183150_40_24a3,2023-03-18T18:31:50.403842Z,2023-03-18,PSScene,24a3,PSB.SD,test,0,0,0,0,100,,163,12.34848484848485,5.2103783612583445,True,0
20230318_183152_56_24a3,2023-03-18T18:31:52.568773Z,2023-03-18,PSScene,24a3,PSB.SD,standard,0,0,0,0,100,,0,0.0,0.0,False,0
20230318_183154_73_24a3,2023-03-18T18:31:54.733704Z,2023-03-18,PSScene,24a3,PSB.SD,standard,0,0,0,0,100,,0,0.0,0.0,False,0
20230319_175255_12_2431,2023-03-19T17:52:55.124834Z,2023-03-19,PSScene,2431,PSB.SD,test,95,2,3,0,2,,3,0.22727272727272727,0.017795128157768698,False,0
20230319_175257_31_2431,2023-03-19T17:52:57.31918Z,2023-03-19,PSScene,2431,PSB.SD,test,97,1,2,0,1,,456,34.54545454545455,21.40715312946385,True,0
20230319_175259_51_2431,2023-03-19T17:52:59.513526Z,2023-03-19,PSScene,2431,PSB.SD,test,94,4,6,0,0,,313,23.71212121212121,19.721406597327636,True,0
20230319_175301_70_2431,2023-03-19T17:53:01.707872Z,2023-03-19,PSScene,2431,PSB.SD,test,97,2,2,0,0,,27,2.0454545454545454,5.64761522718746,False,0
20230319_175303_90_2431,2023-03-19T17:53:03.902218Z,2023-03-19,PSScene,2431,PSB.SD,test,86,10,13,3,0,,0,0.0,0.0,False,0
20230319_180358_71_24a1,2023-03-19T18:03:58.713006Z,2023-03-19,PSScene,24a1,PSB.SD,test,72,5,6,0,23,,2,0.15151515151515152,0.03759652374730946,False,0
20230319_180401_11_24a1,2023-03-19T18:04:01.11413Z,2023-03-19,PSScene,24a1,PSB.SD,test,68,13,15,0,17,,0,0.0,0.0,False,0
20230319_181657_92_2276,2023-03-19T18:16:57.922632Z,2023-03-19,PSScene,2276,PSB.SD,test,96,1,1,0,3,,0,0.0,0.0,False,0
20230319_181659_96_2276,2023-03-19T18:16:59.965991Z,2023-03-19,PSScene,2276,PSB.SD,test,74,4,5,0,20,,0,0.0,0.0,False,0
20230319_181702_00_2276,2023-03-19T18:17:02.00935Z,2023-03-19,PSScene,2276,PSB.SD,standard,87,9,10,1,3,,106,8.030303030303031,11.056938135435677,False,0
20230319_181704_05_2276,2023-03-19T18:17:04.052709Z,2023-03-19,PSScene,2276,PSB.SD,standard,82,17,18,1,0,,203,15.378787878787877,23.05057868139452,False,0
20230319_181706_09_2276,2023-03-19T18:17:06.096068Z,2023-03-19,PSScene,2276,PSB.SD,test,64,34,36,2,0,,32,2.4242424242424243,3.1541657961251306,False,0
20230319_182827_32_2479,2023-03-19T18:28:27.328244Z,2023-03-19,PSScene,2479,PSB.SD,standard,87,12,13,1,0,,54,4.090909090909091,5.694276864593802,False,0
20230319_182829_52_2479,2023-03-19T18:28:29.529861Z,2023-03-19,PSScene,2479,PSB.SD,test,73,25,27,2,0,,70,5.303030303030303,6.4892412749952495,False,0
20230319_183302_48_2495,2023-03-19T18:33:02.48694Z,2023-03-19,PSScene,2495,PSB.SD,test,99,0,0,0,1,,2,0.15151515151515152,0.01521840252340805,False,0
20230319_183304_69_2495,2023-03-19T18:33:04.691901Z,2023-03-19,PSScene,2495,PSB.SD,test,100,0,0,0,0,,8,0.6060606060606061,0.4058951930607835,True,0
20230319_183306_89_2495,2023-03-19T18:33:06.896862Z,2023-03-19,PSScene,2495,PSB.SD,test,98,1,2,0,0,,0,0.0,0.0,False,0
20230320_182843_81_2461,2023-03-20T18:28:43.810535Z,2023-03-20,PSScene,2461,PSB.SD,test,90,8,10,2,0,,3,0.22727272727272727,0.017795128157768698,False,0
20230320_182846_01_2461,2023-03-20T18:28:46.017696Z,2023-03-20,PSScene,2461,PSB.SD,standard,56,40,44,3,0,,651,49.31818181818181,29.22116902582671,True,0
20230320_182852_63_2461,2023-03-20T18:28:52.639179Z,2023-03-20,PSScene,2461,PSB.SD,test,81,18,19,0,1,,0,0.0,0.0,False,0
