base_vh,base_vv,unit_id
0.9186552406064602,0.8748187211601848,4400056
0.009945785717071649,0.0,4400039
0.0,0.0,4400035
0.995984675458631,0.8389449642672951,4400031
0.6645363830025788,0.775909107896999,4400011
0.005283660022377853,0.0,4400006
0.883245955421183,0.617928017754334,4400005
0.939569652088864,0.5423711052116809,4400004
0.5011545775604455,0.17318663406682963,4404078
0.7732774475001066,0.6384671314315038,4404045
0.41197840714304007,0.07809501880420604,4405091
0.0,0.0,4403743
0.8030436055019022,0.7601697395376061,4403738
0.9831084182502523,0.2034333975947856,4403731
0.30977523004978136,0.2696485141046916,4403728
0.0,0.0,4403726
0.6169418546104832,0.03866520825737452,4403725
0.022901448928272054,0.0,4404030
0.4867163608562692,0.0,4405096
0.9262237949707791,0.40180151198327163,4403991
0.9971058434399118,0.6815325248070558,4403956
0.7493433186162186,0.40065947577264843,4403933
0.8272902338376891,0.837248968363136,4403904
0.8773811951866204,0.2854170915765858,4403896
1.0,0.9771578356113088,4403892
1.0,0.8843033822421205,4403887
0.9580375180375181,0.8190476190476191,4403881
0.8174962029294183,0.021845521784419494,4404594
0.0002327611288914751,0.0,4404595
1.0,0.8680941484145147,4403864
0.0,0.0,4403853
0.21752951861943687,0.0,4403852
0.9712328369473712,0.8921303956573482,4403848
0.7176843240328887,0.30071438199218237,4403840
1.0,0.8592253478706103,4403838
0.7213763282579696,0.4881089286535718,4403837
1.0,0.8518816393552493,4403812
0.9487136612282921,0.346929269283138,4404222
1.0,0.2513205236163209,4403806
0.015853368245655787,0.0,4403769
0.6914238818219123,0.07427164546573657,4403708
0.44295935605684195,0.0,4403688
0.9261727762112278,0.32248141502178934,4403677
0.892871943638624,0.0,4403659
0.9446622351002785,0.8700642008976764,4403658
0.9149908592321755,0.8779054583442151,4403643
0.19514947194605936,0.0,4403635
0.9890260631001372,0.42729766803840885,4403617
0.987661937075879,0.9497920439394241,4403599
0.7746800379594246,0.026340762779245432,4405110
0.8921475875118259,0.11308735414695677,4403572
0.6970762185299397,0.15220693146775902,4405111
0.006673618352450469,0.0,4403523
0.09683478437444472,0.0,4403518
0.8702369285755462,0.039257508502911174,4403506
0.1933753009027817,0.0,4403500
0.5794610740655041,0.11487410336776119,4403485
0.9452207937395191,0.8464118329965169,4403476
0.0620313565098841,0.0,4403465
0.6278349821656909,0.40234874486843,4403459
0.01963066418373681,0.0,4403454
0.9722735674676525,0.18358595194085028,4403435
0.7414513086320261,0.5699738090441216,4404226
0.7918969957081545,0.8015450643776825,4403375
0.9989153172696987,0.8053769272487799,4403364
0.06781376518218625,0.0,4403363
0.3068839802702122,0.31260275931088705,4403362
0.36530820279181997,0.0,4403359
0.9943774279288489,0.9875281128603556,4403340
0.4950012496875782,0.48494126468382914,4403328
0.013030368296360112,0.30799052336851174,4403308
0.006847230675593425,0.0,4404603
0.3821165438713997,0.18932797499441834,4403299
0.0,0.0,4400069
0.9908706859515968,0.6954389230989545,4400093
0.545834552522677,0.29725577895748867,4405124
0.011169158710142313,0.005742208611061068,4400140
0.8744921488964533,0.5578858753339921,4400153
0.8936877076411962,0.7805094130675528,4400234
0.5052069425901201,0.019859813084112152,4400235
0.19484302122297645,0.0,4404235
0.7542406858353423,0.008602640188881905,4400280
0.8297343568785553,0.6227978130004973,4400290
0.6286944922132399,0.0,4400301
0.2916911882724307,0.05457171900914879,4400302
1.0,0.41293532338308464,4400334
0.9046936581870297,0.33801504836976004,4400344
0.1019575099730958,0.0,4400345
0.5173034663642166,7.088679379031688e-05,4405129
0.9805575076130241,0.6259857890216288,4400365
0.34561699592971323,0.045885039213739716,4404105
0.3467126323565624,0.0,4400385
0.8686383928571422,0.4512276785714283,4400387
0.9158964680118428,0.1905026041479069,4400392
0.6573747030167154,0.4153958954618838,4400396
0.03123128844374286,0.0,4400414
0.9018481317798313,0.5382884692647648,4400426
0.9344402959115047,0.7217596994503837,4400462
0.0,0.0,4400469
0.21405312767780635,0.050679397723099526,4400475
0.44010205734650887,0.0,4400484
1.0,0.9031712242781507,4400496
0.5968196152565028,0.011948072172931258,4400497
1.0,0.9835926449787835,4400548
0.7006706286462024,0.6705741235483342,4400549
1.0,0.8980749141919117,4400557
0.7902031816034017,0.7820129154197509,4400564
0.7320242838171125,0.0,4400579
0.20148254979008423,3.0555436728857174e-05,4400581
0.25659134893306856,0.05768215748862693,4404616
0.9808529809280673,0.1898933773839916,4400603
0.4173859970354869,0.09721858924056151,4400607
0.5893460776314257,0.0,4400617
0.3776322887996856,0.0,4400642
0.0035339361812701396,0.0,4400644
0.4071574917136686,0.26449811332695206,4405302
0.025268213383519002,0.0,4405406
0.0,0.0,4400668
1.0,0.8508757353185549,4400685
0.0,0.0,4400692
0.9104121249870238,0.8129347036229627,4400698
0.908967667593032,0.8379312682166338,4400699
0.9089167015988981,0.044194263129528705,4400713
1.0,0.826581478621077,4400719
0.29562211981566805,0.10751728110599074,4400738
0.44758176137936523,0.0255558496156432,4405137
0.06518306894218481,0.0,4400759
1.0,0.8109503032882834,4400762
0.3388488495107114,0.0,4400773
0.9882177551216698,0.924256997210734,4400774
0.2842337375964719,0.01403895626607865,4400793
0.5472228920504782,0.0,4404240
0.028266072460179908,0.0,4400796
0.9399725506248344,0.5951457947075677,4400820
1.0,0.8180994729907776,4400821
0.8463007639726577,0.5363892239646159,4400825
0.8185977859778599,0.13756457564575644,4400838
0.7677468402546801,0.7184263042858499,4400843
1.0,0.6107935743938392,4400856
0.9274275138803206,0.11212831585441085,4404131
0.0,0.0,4400862
0.8936438225581315,0.4961699519967314,4400865
0.849419083340957,0.5510474796450464,4400880
0.43331896551724136,0.0,4405407
0.7351849101440665,0.10103753368271412,4400894
0.9622142089918675,0.9989258861439314,4400917
0.9468542092304472,0.6722588925559223,4405143
1.0,0.7423874966316356,4400934
0.6644752289269781,0.06574313219065508,4400967
0.7171365974471328,0.008906458373023432,4400977
0.0,0.0,4404463
0.6123615299323325,0.0,4404313
0.7920357481809557,0.1828930718127175,4401013
0.0018913414645954432,0.0,4401027
0.6064479744336873,0.2652739919165335,4401034
0.18970478104922944,0.0,4401046
0.648016220955721,0.26085050416483985,4401049
1.0,0.720050547598989,4401053
0.6281879942087094,0.005512863347811562,4401074
0.936109779040171,0.16374635729831424,4401107
0.886783939720372,0.3084950584767287,4401123
0.8874620060790274,0.8624113475177307,4401154
0.7340695608022341,0.43516755521706013,4401201
0.0,0.0,4401203
0.9973691902952353,0.6021631102016954,4401228
0.4275427986659515,0.13138281148859832,4405152
0.7640873550822326,0.30500134807225665,4401269
0.14054644180768233,0.06978481339960353,4405153
0.3426772775864117,0.06924812923150017,4401286
0.7701026008112624,0.0,4401304
0.0,0.0,4401306
0.9446022302609942,0.8921940865197763,4401313
0.0,0.0,4401325
0.5604966425947041,0.6963131889015584,4401334
0.0010614101592115238,0.0,4401363
0.29122774015550534,0.02266741911211437,4401369
0.9128543092968201,0.2608612195278009,4401370
0.5935101525308462,0.0,4401378
1.0,0.5305615371873447,4401385
0.0,0.0,4401387
1.0,0.4547691416992328,4401388
0.39028597715249563,0.00030667791152342254,4405154
0.12475065480217175,0.0,4401405
0.7332380573442357,0.1389188881941681,4405155
0.0,0.0,4405156
0.8849666141165142,0.5519052186343576,4404637
0.8118467866502368,0.25923046217393564,4404639
0.9999046620268854,0.9996186481075412,4401460
0.625816610271701,0.0,4401473
0.0,0.0,4401475
0.3153049578731832,0.0,4401478
0.974262996941896,0.42414678899082564,4401490
0.7891737891737892,0.6847237269772483,4401494
0.7992994517448435,0.35791053868244704,4401501
0.5658157748140381,0.1550611134777337,4401540
0.35169595269035914,0.07307380831308735,4401548
0.19206318210418974,0.03329427846123804,4404642
1.0,0.7240089753178757,4401564
0.6119424614889161,0.12036390961301054,4405165
1.0,0.0034127684613121496,4401582
0.9389538363324422,0.9298567609623747,4401592
0.5614874546846753,0.0008276699106243587,4404646
0.4680514738623209,0.0,4401617
0.27200582401107126,0.0,4401618
0.19131103052426815,0.0,4401639
0.9947521533283897,0.9293822371798528,4401642
0.9558172276974273,0.0,4401652
0.45357528818443815,0.19380403458213266,4401656
0.15850562205295615,0.0,4401659
0.5447556177231241,0.24884022823100846,4401672
0.12612881387049765,0.0,4401674
0.0,0.0,4401684
1.0,0.9706261114858649,4401692
0.2503566862000701,0.02691561470978826,4401698
0.8024399699546895,0.011585011266991347,4401713
0.35149000377216155,0.005167861184458694,4401727
0.21647106028688937,0.0,4401734
0.4526760858340585,0.0009207338429264172,4401740
0.21580332211641726,0.06390062289682824,4404250
0.6514100785945445,0.0,4401784
0.9014878809695223,0.45026397888168956,4401802
0.9148642219294394,0.0,4404251
0.9167936887204414,0.6576635494768064,4404650
1.0,0.6433665314152218,4401844
0.00949561526001229,0.0,4401855
0.9155592605305742,0.6354631491197961,4401861
0.954086975693105,0.5763104227525765,4401875
1.0,0.8871990422560192,4401878
0.43772877135421956,7.213812045463046e-05,4404253
0.12029988797288364,0.016832792347686205,4401898
1.0,0.7427037271004422,4401905
0.0471912380760107,0.0,4401909
0.20577449585748891,0.0,4401950
0.9989956029730152,0.6079950003347988,4401952
0.025640281927081825,5.800968761783219e-05,4401954
0.47812105291706375,0.0,4405170
0.8291359380720745,0.0,4404214
0.7127511337437615,0.5069798079602749,4401966
0.8420136215575951,0.16328990228013024,4401981
0.0015853443720274792,0.0,4401983
0.0,0.0,4401991
0.30616740088105726,0.0,4402014
0.0,0.0,4404652
1.0,0.7150041050903121,4402056
0.5181878306878306,0.0,4402077
1.0,0.0,4402103
0.6807029959896203,0.0,4402138
0.5451916942769534,0.15921531907887967,4405174
0.5474116680361544,0.21602300739523422,4402146
0.0,0.0,4402151
0.7632589206461918,0.08284328954375997,4402160
0.48947508659738853,0.1566302513544719,4402161
0.449628477622257,0.0,4402163
0.22067758212336527,0.0,4402191
0.4551059022597073,0.16643001662562185,4402216
0.02330377602869383,0.0,4402234
0.8942457231726284,0.5607007966483637,4402243
0.0,0.0,4402256
0.2784317209316099,0.0,4402282
1.0,0.06406415227352838,4402285
1.0,0.8000155569383947,4402286
0.21661732504160466,0.0,4402289
0.15454663717965395,0.0,4402296
0.320519818493585,0.0,4405440
0.24328255281800504,0.0,4402320
0.9257622460727151,0.9624911798566493,4402323
0.16767671655764876,0.0,4402327
0.22354004292330282,0.06450817904562398,4402336
1.0,0.9362254713351289,4402340
0.6068336710259715,0.5952293240007367,4402341
0.9817032601463739,0.8300066533599468,4402376
0.0,0.0,4402430
0.0724726086854515,0.010299603500457498,4402435
0.0,0.0,4402467
0.49917240386691303,0.0,4402481
0.9642306073783139,0.8759994389114883,4402485
0.0,0.0,4402488
0.18664577872844673,0.0,4402522
0.48405805766902354,0.0,4402531
1.0,0.7670711708756969,4402533
0.0,0.0,4402547
0.1297640144462639,0.0,4405444
0.0,0.0,4402560
0.0,0.0,4402570
0.9950778024769769,0.3609082248332803,4402571
0.15730688846957683,0.0043153414619699956,4402576
1.0,0.9034870877820438,4402608
0.744216546488783,0.41365707643724864,4404667
0.6282038716000982,0.0326635628522421,4402616
0.9850709285758534,0.9933717400730967,4402645
0.9779673063255151,0.5875567218850799,4402646
0.9777376334945008,0.37723819138196685,4402662
0.971063063063063,0.6048288288288287,4404670
0.5470421816903691,0.011309558679104194,4404671
0.9623084049676913,0.4619096762087932,4402696
0.7430659857815161,0.28016421347752085,4402698
0.6629585258714129,0.024530777568600594,4402700
0.95363023081496,0.6757993228049315,4402702
1.0,0.9799630189947891,4402725
0.9203179710419229,0.8446105801078829,4402769
0.6164028686064511,0.0,4402771
0.7763876466564952,0.16477788884796835,4402775
0.15583284224550978,0.0,4402780
0.09087744309798913,0.0,4402789
0.0,0.0,4402795
0.1135374832663989,0.011570089883342892,4404144
0.0,0.0,4402802
0.0,0.0,4402870
0.027079406376934723,0.0,4404676
0.07191732339200603,0.0,4404677
0.008748048462640153,0.0,4404678
0.0,0.0,4403000
0.43525085369057004,0.12158888597028866,4403012
0.07501727371434216,0.020136215575955005,4404261
0.5037523510775901,0.08445133191279297,4404262
0.9907153783216535,0.10319803635587492,4403072
0.9783160322952711,0.6264705882352942,4403073
0.8559540871276046,0.25771928187993454,4404345
0.8193569771295992,0.0,4403095
0.9582683550620672,0.03711558854718982,4403096
0.8455216635433837,0.027364475852882077,4403097
0.9189716644773878,0.024019515856633505,4403098
0.6831068612648883,0.0,4403099
0.9566899462392602,0.7856667336582425,4404686
0.9977330096306896,0.8491406337926267,4405204
0.804752129419695,0.687021263557816,4404687
0.8506527210584559,0.5655805936676755,4404346
0.9372470008095976,0.5162425480238462,4404347
0.7551985428901681,0.0,4404348
0.9899815534833404,0.8648966024197762,4404349
0.11002669199403933,0.0033920588393544326,4404350
0.963292186993918,0.7210566092057439,4403165
0.37812480711067203,0.09375964446639093,4403200
0.9433079047075896,0.684477997933336,4403237
0.8620178041543026,0.3182657434882953,4403242
0.33904995996499265,0.0,4403273
0.41522494836011914,0.06296538868456851,4404269
0.9820981707307765,0.7178213664630412,4404365
0.01826154607822335,0.0,4404479
0.8180094786729857,0.15179417738659443,4404523
0.6113246162592384,0.07325525866969873,4405212
0.1036982540037048,0.0,4404699
0.43520078843147164,0.1506597638355731,4404700
0.5725162452674738,0.11672549264755387,4404702
0.0,0.0,4404777
0.0,0.0,4404760
0.0,0.0,4404703
0.11326564980994083,0.0,4404746
0.7759389015460888,0.5690509965753914,4404728
0.0,0.0,4404715
0.011817705937405814,0.0,4404737
0.6568396299775424,0.03603799759871103,4404745
0.059733615189601956,0.0,4405475
0.5993681747269889,0.20697347893915752,4405476
0.0,0.0,4405322
0.21672164934193683,0.023590679917837205,4404618
0.5265020916655173,0.39165479091006605,4405303
0.0,0.0,4405283
0.0,0.0,4405292
0.0,0.0,4405479
0.0,0.0,4405270
0.0,0.0,4405305
0.11634972560649373,0.0,4405238
0.5531174864025771,0.0,4401813
0.4747629713724647,0.11392715780430178,4405299
0.0,0.0,4405529
0.0,0.0,4405549
0.0,0.0,4405566
0.6495723481865446,0.049026176287363214,4405569
0.13655185394315827,0.0,4405574
0.8021890320373956,0.033690571200547255,4405555
0.08946518601509211,0.0,4405525
0.4846783060141698,0.047696385476211106,4405506
0.0,0.0,4405582
0.0,0.0,4405583
0.8218195402423308,0.4039554751875954,4405552
0.9281799826939717,0.060571098932794915,4405531
0.00021120439305137524,0.0,4405534
0.0,0.0,4405542
0.027134917494020683,0.0,4405512
0.5926235610605582,0.16763172154964062,4400729
0.5650352125659084,0.071507687769625,2723788
0.36156939553684925,0.041435209301356454,2723789
0.9545792832818385,0.6632612405373508,2716605
0.3907223632587123,0.2500961612431726,2714956
0.4780429037773979,0.0009271390819657569,2722509
0.5056930706003456,0.0013324763681397058,2723792
0.34533343155103297,0.048386248118955685,2722698
0.7454300387635032,0.2463843686664961,2722699
0.770073374763269,0.17766019204963976,2722700
0.48863375265667186,0.046412775001436056,2722702
0.4733678474731798,0.0002888765534195054,2725352
0.3948257835485205,0.0031001531840396824,2723730
0.8546706656373187,0.38517875808732605,2724430
0.11463931240919356,0.0,2725354
0.6034626878718511,0.2080672213814693,2701301
0.9446837504521794,0.6840439147912422,2725357
0.4632284118754404,0.0008834015165059368,2701531
0.4328457329059451,0.08944162076965308,2701578
0.9803908177994379,0.8517561967437022,2700885
0.9784476309717856,0.6608631971840967,2716341
0.6592173201460514,0.026481180707577146,2700718
0.23822656867275901,0.0676217594179997,2700533
0.632079807510341,0.2664738165400525,2700107
0.8193246644920082,0.5535546717905176,2715531
0.5452455967270271,0.0009016941241367603,2715519
0.19347921950354524,0.006899222816665459,2725362
0.22931180436837728,0.004463241663949197,2725363
0.13699232686574456,0.2178779140804457,2715257
0.9913198696746979,0.903362625395813,2725365
0.8632575207845247,0.18399228743806095,2716527
0.8503182241539892,0.2910586774293696,2713245
0.12234699710497692,0.0,2723811
0.8076460071089203,0.2673894306452876,2713020
0.09625598444045483,0.0,2712849
0.6921202316964985,0.06957678860303709,2712741
0.32468229199716186,0.002097863102414562,2725373
0.6621762135748276,0.0069610559906571265,2712255
0.8752166377816292,0.32706496276686936,2725376
0.35010846060737927,0.058102925376382106,2725377
0.9024239635800076,0.23117251065478497,2725378
0.9966310690300562,0.766015633601233,2725380
0.9886103511808386,0.830042990341131,2711350
0.6029234910810881,0.009807029461342993,2710853
0.2568232752393144,0.005409564513256793,2725384
0.9943825555576641,0.5963220921184976,2710485
0.4909651194107441,0.007985769671612625,2721846
0.9431865828092243,0.44577854011816287,2708952
0.05669561210236025,0.0,2716794
0.5063086884301161,0.1274924573714363,2701089
0.7136693934574594,0.1384424781871381,2717046
0.1898572068899276,0.0,2701633
0.9881801032916261,0.25496499247567844,2721870
0.690464517710504,0.029415369530579726,2714531
0.7423303212723081,0.08803568461548293,2714517
0.13669380821275853,0.0009841251244801124,2721888
0.11430192774477883,0.0,2721889
0.9738648169651044,0.9240909368697674,2725392
0.09175961655371895,0.019140317533452363,2723821
0.5970615129701822,0.10196013723023194,2724509
0.8795837972883196,0.30754835268688424,2721920
0.8765848153480951,0.5486321360470096,2713637
0.9645476270643596,0.4524961197020587,2722153
0.9792532671431562,0.624151439935405,2722154
0.4679522938236345,0.17159608175651556,2725394
0.8575349410438173,0.45225379565935653,2723564
0.9376126622223622,0.3551113248852587,2716268
0.2841188938850021,0.005011088104485473,2701233
0.5528811841811356,0.0,2716288
0.9678497361450484,0.4422830126691443,2725397
0.8698367271576283,0.16694142575789547,2716297
0.08649461287897765,0.0438820679863025,2716298
0.53013498617262,0.13709799067860534,2725398
0.12775179161481362,0.0,2725400
0.741003338389376,0.05489601249881773,2701624
0.38594066098661683,0.06013412309368191,2701640
0.3492496589358799,0.006034828665436159,2722251
0.4482642787903217,0.23777029167026573,2716346
0.0,0.0,2700772
0.248947645964974,0.004820012767020381,2717233
0.2931636502666579,0.044697859324830974,2716357
0.9316758813494225,0.49908448628515806,2700543
0.61698934070874,0.14130608699627423,2700464
0.37487608698380015,0.0021896527925915695,2700459
0.7506363482097403,0.00737940643225236,2716366
0.8234945237436243,0.3723162389782926,2700356
0.6492945901414252,0.14640258135383763,2700201
0.20607573866000836,0.003858812847576893,2723831
0.5699291717127232,0.08424773997822549,2717244
0.1524104789955045,0.009035144052970743,2700094
0.7363691734441618,0.27390634516857154,2700053
0.7322862668521042,0.10252447915934985,2722276
0.6477607031264272,0.10397061779377635,2715626
0.4155123271609173,0.1811621771643476,2722285
0.3037176186831791,0.02176921233485625,2715449
0.4970279313614973,0.12829101579973878,2722288
0.953414157215487,0.2333554947203753,2725404
0.3774777782990361,1.1038410910365345e-05,2725405
0.9734108030922249,0.5158461765719632,2716423
0.900108067471691,0.29392338620360986,2715084
0.874043346839025,0.3506013248440413,2715035
0.7721663699177729,0.0,2716438
0.42592081190237824,0.0,2723834
0.3725963159711339,0.023367359488377815,2723835
0.7123566898286722,0.050473974948662195,2716456
0.400703429217435,0.0,2714591
0.165569351103011,0.0069521965295971455,2717290
0.9616567702186027,0.6447623257488412,2714524
0.8852416339281487,0.49358640602073167,2714354
0.7694553269736416,0.3235976177509179,2714246
0.8235756385068763,0.4669814310159074,2723838
0.7924715228802974,0.6608992478096329,2716486
0.9776411845162569,0.4834434685167181,2717296
0.5206433238034155,0.007326803709058495,2714048
0.4306415235123539,0.11872339703912226,2723839
0.0478705466952313,0.0030697056256446882,2713811
0.34876201820811714,0.3205564536714031,2713782
0.39333085465223055,0.009138270089635678,2725412
0.5799154154012088,0.027783296907079934,2713736
0.0,0.0,2713586
0.8401182954698212,0.4271649415243984,2713585
0.7598325437920018,0.32400572876501044,2713574
0.6971785893757396,0.07276418810484853,2725414
0.13877826408878025,0.0012420645873585426,2717321
0.9232736007707999,0.38464632267959,2716539
0.9524593537764972,0.7376240758623965,2713148
0.6818022697758455,0.1660041781943425,2713116
0.5557631470358996,0.059390903672458854,2723842
0.726758692687566,0.024364759007882607,2725415
0.7960711854517164,0.24924632889234663,2712783
0.7032478341087759,0.00958858094015723,2716563
0.6494821927338225,0.2200723931409048,2712749
0.9831820226557068,0.5756826019983915,2712663
0.9845310523462439,0.40835491837841076,2718782
0.45672961166718257,0.09606851718088949,2712311
0.7602126778505883,0.44984463263441726,2717353
0.7310711802231248,0.010712810021465935,2712282
0.6233239436619719,0.12828521126760567,2712026
0.16179286647457808,0.023274334699429102,2722355
0.0009532462503165075,0.0,2711800
0.5009954344734676,0.07541351695232396,2723845
0.8183172272173476,0.12547947780754365,2725417
0.4792553250284627,0.02551150117719882,2711691
0.7619456382238053,0.3395304229660469,2711665
0.3042275896560854,0.0015003971639551644,2717366
0.9473642662924304,0.6035479343917198,2711595
0.8858994987313572,0.4208954762052107,2711524
0.13347290640394088,0.0,2711438
0.4807757210727174,0.043702708154017895,2716656
0.9633012143522894,0.6586469795417519,2711060
0.8569392322258564,0.0,2722386
0.7773690367178859,8.468879514309762e-05,2717377
0.9964735123958163,0.8113399944765852,2716683
0.48271875857204455,0.22741878600258636,2710825
0.3752130612642449,0.0031046069932794402,2710761
0.02883332698098105,0.0,2722389
0.04176528043878433,0.0,2716695
0.14924161153823232,0.010921389832528756,2710593
0.5835345457767538,0.014121790753826729,2710539
0.7978483334128731,0.270015067120271,2710464
0.0,0.0,2709995
0.4991890952619997,0.14428312159709625,2722411
0.5069203082877289,0.0,2709503
0.8141570695655292,0.0,2709445
0.5069331766724482,0.0,2725422
0.9094681541289693,0.4207547849908084,2709266
0.9584536715866266,0.589577618778089,2709265
0.9779091517278102,0.5840330589043781,2709264
0.8876609454769435,0.1289103680276702,2709232
0.015276779295470881,0.0,2723851
0.8828800493556848,0.5028533755114756,2722443
0.1781839066313868,0.0,2722446
0.479482899050209,0.0077242038516683615,2701313
0.24365648619466296,0.0,2719232
0.6489367047056971,0.0,2722450
0.8223993619502131,0.013216126361599113,2725427
0.7238895357115934,0.0,2701450
0.6670873515159105,0.010090013712399284,2717058
0.8500866661568658,0.5197059298343999,2717084
0.7578349004651331,0.11626509862462565,2722478
0.0066539115646258515,0.0,2723855
0.9647606666685631,0.5901336693795,2722482
0.8184746374603235,0.38098430752929163,2713002
0.3405002071719806,0.0072040139136005776,2722487
0.006825299108696232,0.0,2712505
0.9330427878376626,0.6200406437238324,2712382
0.9379690406823685,0.7403278458352344,2712364
0.7489618885096703,0.007610921501706486,2722494
0.10385541939231202,0.0,2723858
0.017996260517295106,0.0,2709641
0.030877936760289704,0.0,2709639
0.38554260558017417,4.835087261237346e-05,2722510
0.9425504925376091,0.46437278258973663,2717145
0.34066400399400903,0.05465551672491263,2722576
0.35177651829294276,0.02805322179353117,2722579
0.06313067925096631,0.0,2725434
0.21344052953753334,0.0,2723862
0.9173929358985711,0.7215131698226174,2725435
0.9828289096436172,0.6702263033454564,2722628
0.4810644938864237,0.052361477364240704,2722629
0.9350354971188439,0.20562860144535358,2718783
0.8578173781335972,0.2881827455101852,2718971
0.8235411415627093,0.4484733433302493,2722636
0.8968682900987921,0.5809752991101367,2722637
0.8545860431506144,0.4341987543443103,2716573
0.027999240698557325,0.0,2723866
0.11037635725365331,0.0,2718953
0.1403472630959388,0.002501471453796351,2722688
0.48658856856207017,0.0,2722690
0.17053141473144326,0.0,2725437
0.8894455174633832,0.09256800257524544,2722693
0.7197517742654368,0.1554222237460143,2722694
0.821291565027603,0.11464372833483118,2722695
0.5376292875354788,0.037215567421946406,2722701
0.7050369255036922,0.2717932171793216,2722771
0.41323406317458933,0.0,2723870
0.6469497600934905,0.26213297675098035,2723871
0.16994035334773921,6.474534845137221e-05,2713418
0.056631279263210245,0.0,2716839
0.5410143921222067,0.06904115641964398,2723873
0.35878427793459017,0.03599598667867439,2722827
0.15675718849840253,0.020239616613418533,2711466
0.28567532491959297,0.03397784339910095,2723875
0.6586384819637289,0.18707150207560996,2723876
0.5645346399928527,0.01794366061672314,2722842
0.7273331097673108,0.02488722536536818,2722843
0.7290249433106576,0.054185836184184655,2722844
0.5337896016972473,0.007922558653564485,2722853
0.2714229426995383,0.010345603962625233,2723658
0.3016190699664592,0.014686193046142805,2723659
0.6994294309242789,0.18648500658555917,2725438
0.5909966261606909,0.0,2723618
0.8519969189924451,0.3577328373129681,2723705
0.9418728238959134,0.006468755726589701,2716739
0.9363984446000507,0.6011233444078604,2723750
0.7017269369628205,0.04622126531276286,2722916
0.8047008713585612,0.0,2725441
0.5329286994837678,0.08376892671231397,2724566
0.6397550205559408,0.12599184529751126,2724535
0.7732285835036388,0.15425898372595226,2724522
0.37553962533169616,0.0020594875044556214,2724545
0.2149653379549394,0.0016551126516464478,2723883
0.4144343144624506,0.12119163303615298,2722264
0.9730037369083921,0.749337133766406,2725442
0.9603993381381248,0.6871036879920929,2711876
0.38483912015997096,0.0,2724499
0.0,0.0,2723887
0.00461723150798781,0.0,2700165
0.6490190717068837,0.0,2725450
0.2676694900362,0.016588760411907356,2724533
0.553093970253817,0.33933388889673577,2716276
0.1745811691200922,0.04196036738154007,2716314
0.9563132867865705,0.9275468633332897,2715387
0.8525755893190656,0.5182852960476506,2721833
0.24014834634468507,0.05222604189598821,2713102
0.0,0.0,2716585
0.37001800435895,0.05950914431915096,2711496
0.9715508160290917,0.7169908656690577,2711495
0.5921314825853701,0.4713786936898579,2716747
0.6917469162141735,0.1780605685377152,2725487
0.4743579177390604,0.13800500620477402,2725491
0.8183717413037354,0.2858168208966704,2711967
0.5989951741918424,0.22673894361076224,2721900
0.6035369824302742,0.32087019289839047,2715362
0.4521620208358476,0.11832991432363951,2721901
0.05037845580154839,0.0022596219146282736,2725500
0.03303649240200743,0.015446413366857323,2721903
0.028239592204490193,0.0,2721904
0.2142380026421649,0.06899315709005628,2717510
0.24821286399132692,0.08056087273220063,2722224
0.6258792302587924,0.07896483078964833,2702910
0.3509389671361503,0.28909353557240886,2701547
0.5224761051373953,0.2001568100358422,2700609
0.4164323225478571,0.0,2722263
0.0,0.0,2700262
0.3052639046538026,0.0,2715149
0.5067437705847987,0.0,2712897
0.3973145274707394,0.001043155851552239,2712848
0.7544831880448317,0.0,2712565
0.19299577802751877,0.043890289463293146,2712316
0.6552990962781542,0.09688270217482288,2712271
0.005872756933115824,0.0,2712127
0.5909587843008636,0.0397124740352028,2712071
0.0,0.0,2711934
0.15499500716363482,0.0,2725545
0.031991174848317705,0.0,2711369
0.0,0.0,2711353
0.3267462682341618,0.0,2719003
0.0326045328045345,0.0,2710752
0.4535965153239416,0.006671114076050702,2709714
0.0,0.0,2708599
0.006085430076067876,0.0,2709697
0.4456942622163909,0.0,2718734
0.7365623801435536,0.0,2718735
0.0,0.0,2719062
0.6693343427242738,0.0,2719004
0.6893540206532147,0.0,2719005
0.6553138118818317,0.0,2711040
0.37685769562413496,0.0,2719006
0.17545661590675657,0.0,2718008
0.1752074613796483,0.0,2722877
0.13680174111306867,0.0,2723964
0.20813955232837256,0.012830802928468556,2715780
0.39579142812935186,0.07420147030235227,2715782
0.46596712314845407,0.0,2715784
0.8376870627822546,0.09899133010795104,2722227
0.5066411396842557,0.01255076635213778,2725551
0.17834729998872645,0.0,2718007
0.329513747681173,0.0063219978122016525,2701086
0.0,0.0,2701104
0.0,0.0,2717201
0.7635243010433296,0.7512345449819923,2701124
0.8608832807570979,0.21010434360592084,2716272
0.8058553020989849,0.06568839802004674,2701149
0.0,0.0,2722234
0.5706630608974359,0.0,2701287
0.2061522963847331,0.021291149000733756,2701294
0.7528020430085736,0.3280844188746659,2725556
0.05159212445308702,0.0,2701328
0.5476067595182129,0.00018481967876247517,2701346
0.0,0.0,2701352
0.3775958354816467,0.05319637965200431,2701409
0.26794139557983604,0.0,2701414
0.3233320088916571,0.0,2722241
0.0,0.0,2701472
0.46634538008976945,0.0,2716307
0.030911112919413022,0.0,2722246
0.29307940992030396,0.0,2716310
0.23212188089559674,0.0,2701600
0.46229971979704215,0.05947280733071521,2724741
0.888685894024856,0.15296746958033278,2702897
0.25582270408163266,0.06494260204081635,2723972
0.025443573808880484,0.0,2701017
0.21208037245773098,0.17838765008576335,2701002
0.1961814319075645,0.031118778324467355,2716328
0.3988389966819985,0.0,2700976
0.0006958087753765553,0.0,2700952
0.6243037000012029,0.005578056145869448,2723974
1.0,0.9172326799922376,2723975
0.9485857500895094,0.4701754385964911,2700900
0.1254064504789524,0.0,2700874
0.3182646556771421,0.0,2723976
0.5268569674647023,0.02798240229179456,2700836
0.26051920785125343,0.07753000818150228,2725563
0.40348610544448976,0.011559907520739838,2700765
0.2916822546452176,0.0,2700722
0.8811390199282344,0.09184576382517873,2700683
0.30338382378018486,0.18873862852821457,2700680
0.026120869486350024,0.0,2723977
0.4400132995917764,0.0047102720874817585,2700648
0.844842421669745,0.13179330679301995,2700635
0.7222226596640973,0.2485767828599775,2716358
0.4526411740300965,0.23996632476613622,2700556
0.9371758851567632,0.8637564473518683,2700521
0.7579470309825114,0.07880456066149732,2700501
0.8025633556655982,0.48878531896300587,2700478
0.03576482032839077,0.0,2700468
0.8583583127050379,0.3117142506660295,2700454
0.6375732762631431,0.2915852485965076,2722266
0.8354396472382103,0.37967910765553525,2700372
0.50375842939927,0.14461446453981153,2700351
0.9890956501125993,0.6398842839520803,2725568
0.8699519957031117,0.10591157809929838,2700319
0.16871613874963476,0.0,2700296
0.0012811155799183195,0.0,2700270
0.38879783367775955,0.0,2700267
0.0273865961375318,0.0,2700264
0.534196041203461,0.0,2700251
0.779270344039609,0.19320093309635653,2700190
0.17068786438539213,0.0,2725572
0.7195747238134209,0.2239860372340426,2700136
0.5777165158059606,0.0,2700129
0.2781608102325139,0.0,2700111
0.47833515299949847,0.03581693174776476,2723981
0.27469124721763477,0.006866159258993321,2700039
0.15082326020991896,0.0,2700030
0.7016976070680243,0.4321824660678776,2723982
0.4281269383412086,0.04962153493930943,2700016
0.1967658776658073,0.0,2715753
0.39972327230499366,0.0,2716388
0.46517888770811233,0.0,2715710
0.11617393398973669,0.003290619797917231,2722277
0.9771037559202554,0.7766595072878805,2717257
0.9076694972368243,0.5577378545433538,2715693
0.9193146825656815,0.4161370634868635,2715585
0.5312187488970198,0.02362436321281927,2723986
0.6431042061912916,0.18115195965017822,2715571
0.8090759827031245,0.3016630360568326,2715564
0.30280596899074375,0.01979314225835872,2717261
0.7332574058229081,0.0705412822113791,2725578
0.0,0.0,2715507
0.647549905655933,0.2106290183010133,2723988
0.2947069119955295,0.06792015580957701,2715469
0.568329218106996,0.2170864197530864,2715458
0.6189086715705974,0.09070378977163525,2715441
0.0871615946242812,0.0,2715440
0.0005803830528148578,0.0,2723989
0.026969292389853138,0.01003242418462712,2715431
0.2942191995814804,0.03241148075048154,2715422
0.4742556638601895,0.037821040609811146,2715419
0.6490914756370367,0.06674293899608873,2715395
0.6060492750010386,0.2116793007980843,2723990
0.6659558080414583,0.06687562051724984,2722287
0.19541822548612067,0.07870306221421643,2715341
0.860247471892469,0.20915771622385526,2715333
0.056060383995309986,0.0,2715317
0.727347856787928,0.3986086774590057,2715295
0.6684760755930843,0.3088057901085646,2715284
0.9460653893541418,0.5454127457457638,2715225
0.3023195386272895,0.02424107991634451,2716418
0.8833469735162209,0.5495466003208168,2717273
0.927146395156852,0.6968216840946615,2715157
0.9583394673994831,0.8311945889357804,2715155
0.7478843736908252,0.23586091328026804,2715150
0.54466885861907,0.2541568811648662,2722289
0.29072895837120527,0.10005453553899293,2715127
0.49863420904635636,0.08869607134249213,2715110
0.3270747758774263,0.03359755980340014,2715106
0.33441858640650474,0.02734333409917456,2723993
0.0,0.0,2715086
0.6662832870446004,0.21815389642215313,2715063
0.10257818371004104,0.0,2715049
0.5854918656867164,0.014454527091070127,2725587
0.743480954437081,0.3154861358815026,2715026
0.7961929708103841,0.7407380828504279,2715023
0.9980786184136171,0.8659026349299644,2715012
0.06898106402164113,0.0,2715005
0.5734342115779095,0.04528864853344698,2714926
0.0006016847172081828,0.107942238267148,2714906
0.0,0.0,2714899
0.10482931827649011,0.010465600647030743,2714887
0.9027404405569153,0.4840910002808653,2723995
0.5355654548067251,0.006722605071943117,2714865
0.1611093345736794,0.0,2714864
0.3359227463211259,0.009796040856135394,2714862
0.6416231454542166,0.04355133093590181,2714764
0.0,0.0,2714743
0.7398747163375277,0.009486417110463104,2725589
0.778883546630842,0.18054868132645122,2714720
0.3665524625267666,0.016477516059957172,2714709
0.3012247363796134,0.0017629613356766253,2714679
0.0,0.0,2714648
0.9731368254023008,0.45822194242743036,2723997
0.5743928441416608,0.19220968329086266,2714625
0.633140668646018,0.23945468280599422,2714567
0.2098502967490478,0.0,2714566
0.5015147984152878,0.16829798803697663,2714503
0.09060743690246578,0.0,2714500
0.31685096806735735,0.0,2714484
0.16299985493931632,0.0,2714473
0.3348137805491157,0.007252920587191114,2725591
0.3038446955334799,0.0,2714442
0.5130904796511627,0.009265988372093022,2717293
0.08014891391298999,0.0,2714411
0.7956067506027326,0.4729737774206031,2714388
0.30604306410609816,0.07810346411834972,2714378
0.7955132465335467,0.24274486703118547,2724000
0.6211806804452683,0.086000977598244,2722305
0.22232187701800957,0.1991461577096936,2718539
0.06750392464678182,0.0,2714284
0.8831655511919903,0.022823441562033295,2714265
0.45402517776810314,0.15437255115367865,2714252
0.0,0.0,2714245
0.3335636695320492,0.02396417811437575,2714235
0.5242952540271894,0.0,2714220
0.9992675670966619,0.9423862470396162,2714197
0.47371227945424654,0.09449209664755641,2714154
0.0,0.0,2714138
0.9781591263650546,0.76605181854333,2714135
0.6838993670276003,0.0684381325707676,2714134
0.6933573004330422,0.0,2714112
0.34626513138470627,0.0,2714081
0.9715854434594724,0.7700492814965,2714066
0.2074001711582245,0.008921218775734284,2716489
0.9269209920043366,0.57216424989836,2714050
0.0,0.0,2714040
0.995674740484429,0.8754834113576225,2714010
0.5905720338983054,0.2020656779661018,2713971
0.339645447219984,0.0,2713942
0.17947153517623315,0.0,2713915
0.8682931064420907,0.449759796260925,2713867
0.007454408306340683,0.0,2713864
0.5630739786074795,0.018128778875201874,2713852
0.017393925424209644,0.0,2724007
1.0,0.6850008435970979,2713835
0.8884766027623171,0.4186131328988472,2724008
0.9446371339509158,0.8603854765772491,2713815
0.38335862869386655,0.1998482278368003,2713805
0.02571471789441838,0.0,2713777
0.5928958140763237,0.4523086403450856,2713773
0.36876826946284424,0.028721606908203485,2713753
0.5665155609798627,0.11703426030860437,2713734
0.13423980388987658,0.005845590216044393,2725599
0.12288750947809438,0.0,2725600
0.6375508282674156,0.01442264769619103,2713688
0.0944899396005484,0.0546930003334939,2713677
0.33612847920500827,0.0020719831316196803,2713673
0.0866079914053138,0.0,2713667
0.9018752507019652,0.21003810669875644,2713554
0.4352936473034022,0.0,2713545
0.6984115788285743,0.24599368017153805,2713532
0.08070327019008179,0.0,2722318
0.7293215859030838,0.5159295154185023,2713519
0.9225909962056432,0.0,2725602
0.4963955913017579,0.33929103366100705,2713487
0.7825109306683321,0.2505309181761399,2713452
0.2875421658718158,0.12382226358031875,2713396
0.3689252934508354,0.0,2713392
0.8634561351802732,0.19936339522546426,2716523
0.7747567673226434,0.2966650482682085,2713355
0.8916258902994973,0.4969626715115308,2713333
0.5824606845513413,0.043536408087749445,2713316
0.4067044221203752,0.00020575179132653327,2722325
0.6393196444989273,0.07137603432424149,2722327
0.1258565390921502,0.03664582884242293,2717320
0.7785640317569897,0.06139156070119133,2713248
0.13827696061817935,0.028807700128787365,2713236
0.9568484110061936,0.2666598977899618,2713191
0.19008915612689192,0.0,2713181
0.7097739275215273,0.07960664949660497,2713154
0.0,0.0,2713135
0.0,0.0,2713124
0.7996040901193427,0.20689566777749294,2722332
0.24740501223435046,0.0,2725607
0.26030316154179295,0.0,2713115
0.20427697035339162,0.012846024029621417,2716542
0.6984492367337048,0.27320087230433726,2713046
0.6585709588011464,0.07054905706664996,2717325
0.3927928525253196,0.06939945962969717,2725609
0.0,0.0,2713004
0.1870874255353406,0.0,2713001
0.9808690629386989,0.0,2717328
0.0,0.0,2712972
0.5871102299943846,0.3335548858049802,2712956
0.40711381419346016,0.022038473365906995,2712929
0.0,0.0,2712896
0.6132254359960475,0.0,2712891
0.7567849429019163,0.09545712772351407,2716554
0.11452972144737361,0.0,2712875
0.8683187886844,0.0,2716556
0.5594050343249432,0.02592931604373253,2717335
0.25997396728006467,0.012338928593894407,2725613
0.7485376899077218,0.12600353265504896,2724013
0.8947844983701558,0.2610337869302013,2712736
0.4460862177237635,0.06194821026190389,2712684
0.020787149442274534,0.0,2712672
0.12490815576781775,0.020818025961302958,2722342
0.8511650128225544,0.14972460337944327,2724014
0.7011528189711862,0.0,2712586
0.0032419322906355186,0.0295486042367848,2712561
0.6664654088050316,0.31979874213836484,2712558
0.9853333595539272,0.7368513806655391,2725615
0.5335335050813822,0.0,2725616
0.003214223663635837,0.00017374181965599118,2712541
0.03561206516952884,0.0,2725617
0.5171962616822429,0.04766355140186915,2712509
0.03205082851037937,0.0,2712502
0.01604509973980919,0.02963284186180977,2712488
0.04551296290419827,0.0,2712404
0.4378791834979341,0.0025803677023975907,2712399
0.46208836637157424,0.004499485773054507,2722349
0.6917279635650988,0.22674377834943107,2712356
0.008765871540137065,0.0,2712332
0.2016430737353573,0.0034200410162580695,2712313
0.3293298837841373,0.0,2712306
0.23923929981693567,0.0,2712297
0.5817628546760001,0.2809031107711259,2724017
0.6357468597487798,0.19111928954316343,2712266
0.7330946135061782,0.32658345467628336,2712246
0.9371690044095815,0.17704801790423014,2725620
0.26357225065504314,0.01982270979748757,2712211
0.017148879095612187,0.0,2712207
0.9287833827893176,0.6122338873504625,2712197
0.8327070979862622,0.23953502025479956,2712088
0.36084603747236127,0.001236471546607704,2712084
0.9519452460652202,0.0,2712068
0.5725863561255802,0.33834290660162075,2712051
0.9560242057488655,0.7364357034795764,2712044
0.8817593427512274,0.2162588918945998,2712035
0.6204244081393684,0.06353042297559063,2712028
0.4098929039217197,0.42514831651128737,2712009
0.7405224733925588,0.07986630310493449,2711997
0.5378200438917337,0.06715435259692758,2711935
0.34789348668583575,0.03529607867650123,2711856
0.6201735752397979,0.026361304251935613,2725626
0.5907446276861569,0.0,2716618
0.7759815361472164,0.1768748486675013,2711817
0.0,0.0,2711771
0.08954879833229772,0.0,2711735
0.9214298433048432,0.6447683815472278,2725629
0.06504770164787511,0.020328015825837823,2722365
0.9706163498898335,0.8336051424038052,2725631
0.0,0.0,2724019
0.6562404754647974,0.23945951437569843,2711685
0.12226501715140525,0.0008339279726953069,2725632
0.404373610081542,0.15752409191994074,2711678
0.9432322489231711,0.5009086932012334,2722366
0.9940725585257008,0.9333155421133003,2725633
0.5879644470348244,0.322890864053621,2711635
0.7888691533451747,0.06410104598381687,2711632
0.4937114272287295,0.07425126228036769,2725634
0.6963618905366478,0.0010242184999466552,2717367
0.7546087420559844,0.2809149565807986,2711589
0.42370413295592163,0.0,2722373
0.7768605401881693,0.4277377661608277,2711518
0.44072786149288884,0.0,2711515
0.48693665085117216,0.05398438375611758,2711508
0.06040295554568579,0.0,2711439
0.7418426103646832,0.16805593638607072,2717370
0.6246881823770923,0.10332205018762056,2711428
0.5330382422139811,0.28885034094987444,2711415
0.13719159305513248,0.0,2711357
0.4421396550414102,0.10724868930932299,2711346
0.696520668906775,0.36425529420958047,2722377
0.02384514681129606,0.0,2711325
0.46003395345547166,0.08102850675532293,2711313
0.7250182840485292,0.2401616258020343,2722378
0.9661741720487188,0.8843374915214253,2711307
0.3661474544193456,0.013331753273686082,2722379
0.008096389240627758,0.0,2717371
0.4847995456723516,0.06960441549683212,2711280
0.4048818341174107,0.04042790530100949,2711279
0.5163814988958825,0.0,2711266
0.7617957332077978,0.2361286457107397,2711257
0.6143935100957381,0.0,2711249
0.3065511265164645,0.4672443674176776,2711220
0.6316512549537646,0.42816380449141345,2711217
0.24622260055330922,0.0,2711170
0.6946295725668002,0.4316547079279835,2711157
0.7032621507191257,0.22227563588971133,2711142
0.00037401290344516895,0.0,2711125
0.6995146237048677,0.2099846040499426,2724023
0.498454822218393,0.0,2711008
0.15608898339739916,0.0,2711004
0.5706435211339941,0.017461866365363878,2710952
0.07668019846639604,0.0,2710874
0.46328742563768227,0.3221008882731643,2710871
0.7487617245188443,0.24532306023304518,2716684
0.572580330301019,0.294752664662476,2710817
0.08542000291163196,0.0,2716688
0.7287749079290746,0.11422892124582326,2710778
0.20146009160447326,0.0,2710777
0.012400561534861956,0.0020573475545802205,2725641
0.7103306089389589,0.44827332302481415,2710745
0.011532721269956131,0.0,2710727
0.8132338342518741,0.17961181665696777,2710718
0.9495289661747854,0.6379687376993256,2725642
0.19663958770704162,0.026484486354029887,2710671
0.7512184064377198,0.09452567154029241,2710556
0.026367187499999993,0.0,2716709
0.3112817665926474,0.0,2710541
0.11351999128445363,0.0,2710474
0.6609835661968361,0.4707330584107834,2710447
0.09878499735868991,0.0,2710380
0.32512454764487353,0.0,2722398
0.29611206343530794,0.0,2722399
0.2994567888117089,0.016017425258656185,2717393
0.0707542031301064,0.009259595482769889,2710197
0.14089687367378698,0.0,2710196
0.0231981981981982,0.0009009009009009009,2710195
0.02000540686672074,0.0,2710144
0.5068451677154558,0.034336774500128356,2716721
0.4081428333055232,0.008658249439160503,2724028
0.025532460867333854,0.0,2722409
0.2741836404785001,0.004599094730035567,2709934
0.0055084715251625515,0.0,2709896
0.5717204276666744,0.056920073547772,2724031
0.9865413328517885,0.7331532678256043,2716727
0.21213831315411455,0.06377616458034066,2717405
0.39354486560005725,0.14125714353890018,2722429
0.447887760143348,0.07768107107655783,2725644
0.5796600654315968,0.15958147008149906,2725645
0.38714643063305737,0.035047692349982125,2722433
0.5647857579884341,0.0,2716751
0.5171558744328111,0.0028828728615989292,2717419
0.2874624302275654,0.017985783121034302,2715561
0.8300647382326862,0.1298670631060391,2725649
0.8674639521986475,0.1927528713012989,2716834
0.9225143605626885,0.7985291509189396,2716851
0.9827014639649586,0.775090007155143,2716852
0.3145701498288306,0.0,2722459
0.5429293525138359,0.1295313151333537,2724038
0.7208553073161378,0.29462076900949274,2701237
0.05643640071373946,0.0,2701238
0.23952984348639889,0.0,2701322
0.026784993949173063,0.0,2701363
0.6303441084462983,0.35744078653359157,2701386
0.8982505088790624,0.45237593879413196,2701410
0.376669706560807,0.07386942760581516,2725653
0.26878109452736315,0.33470149253731346,2701444
0.9097859327217124,0.0,2724039
0.707594874564289,0.02683612352103687,2701609
0.6838847575366257,0.286000685367785,2701670
0.21976233913515117,0.012573344509639565,2724040
0.25028991971454073,0.12618198037466552,2724041
0.0,0.0,2700794
0.2732597993394404,0.0,2717065
0.6754443779869574,0.0019424297502424403,2725654
0.7727547443490872,0.2691889278375437,2700381
0.6776029609356444,0.07507099226086865,2725655
0.3662233405224059,0.03564581835609872,2700333
0.36426178429128814,0.0,2717075
0.9826602838504299,0.818053562600234,2700174
0.7952080662485714,0.2812619105367107,2700134
0.0,0.0,2700019
0.6559904132871097,0.03864293924140939,2715699
0.3421323718774144,0.3873293844965234,2715487
0.02270746861223543,0.0,2715349
0.1600834054606971,0.0,2715312
0.5874642220102044,0.12488074003401503,2715289
0.7937044745057232,0.05231009365244537,2715279
0.41627778553180106,0.0,2724859
0.5012754345375808,0.198255917423029,2715138
0.558919657713335,0.1034156036235903,2722472
0.86047994868273,0.6739908848189263,2724045
0.4216284736112048,0.00844732371536779,2725660
0.8392574926007871,0.6704692393896724,2714721
0.7402783300198806,0.0,2714686
0.002516622956899522,0.07168401811968533,2714658
0.614619571890476,0.30115008390291814,2714640
0.0,0.0,2714595
0.5735855153903465,0.02110393982100699,2714538
0.039886872612304045,0.00018936898959293899,2714408
0.15047462389911243,0.0,2714288
0.3514203766055618,0.011447811447811446,2717450
0.36540608948112857,1.8610883644755454e-05,2714086
0.0,0.0,2724046
0.4341567551082648,0.21332723391277833,2714002
0.7152334511318705,0.010542512487558097,2713964
0.8580021831525657,0.3107276401049773,2713953
0.5681301882540669,0.0,2713846
0.010710685483870967,0.0,2713826
0.2652737101804374,0.015630885761505127,2725663
0.6553237190806313,0.09825018020676612,2713762
0.9452454994151381,0.6856409232261562,2724047
0.2512006196746708,0.0,2713681
0.21783847580509189,0.015029427564275992,2713672
0.0,0.0,2713656
0.7629729847684723,0.2648278269977743,2713559
0.08735868448098666,0.0,2724048
0.24606604158173667,0.03245006114961272,2713393
0.3263312393588916,0.010315270357541246,2717458
0.3049891824559105,0.0333923381192771,2712708
0.41630950470995387,0.0,2712616
0.12116158711903391,0.0,2712604
0.32034307719236826,0.03845965342201995,2712552
0.0,0.0,2712444
0.36599845601230097,0.07466328945941292,2717466
0.2517768673051314,0.008531003974672309,2717115
0.6037407357498987,0.06322598032610159,2712154
0.5056556310413413,0.00662398649089746,2725670
0.4507433016858963,0.009074400983313016,2717120
0.5587847330866972,0.02544894566024308,2725671
0.7463031311815507,0.11155135813190521,2722493
0.41225691903499406,0.0,2711481
0.0,0.0,2711345
0.5789451183669108,0.23612461924865066,2711255
0.8561273738327561,0.3711722649399703,2711119
0.0,0.0,2710878
0.5616849652699978,0.0,2710838
0.19297584662396913,0.0,2710792
0.8371726000789099,0.26313393426204135,2710733
0.3257858246728389,0.0,2724052
0.017501461703371662,0.0,2710215
0.18362216516902008,0.0025673940949935813,2710214
0.2732866702561341,0.0,2710213
0.1578824354329788,0.3133107397452378,2710199
0.22974661094060858,0.0,2722504
0.28284364587831184,0.0016433906694077994,2717163
0.5665041573847069,0.010198490623387738,2722516
0.3879410083148384,0.0,2725676
0.3860964786204997,0.0,2725677
0.4563796981149575,0.0,2722520
0.5429992700532591,0.300197355970694,2718169
0.6667247235043107,0.6611948097187146,2718452
0.6110418521816562,0.44600771742356776,2718453
0.0,0.0,2718960
0.8057964293994898,0.6510085787155112,2718667
0.6234469763881528,0.5289407054112937,2718668
0.997241276468834,0.7095138681777513,2718669
0.9187742292781982,0.33016429758168725,2718670
0.8801944561305097,0.17192539615762165,2718671
0.02593266476053915,0.024767280112196838,2722534
0.774670697473548,0.49892031958540284,2718602
0.8529607625514134,0.24400339492067644,2724057
0.11030611349881593,0.0,2722535
0.16622603706030895,0.0,2722536
0.7747603236056584,0.17040498336383864,2722537
0.7112629960090495,0.04882559292305345,2722538
0.7884202876466655,0.49150774207916714,2722542
0.024945741003724445,0.0,2722548
0.06836975526997627,0.0,2722549
0.011141304347826087,0.0,2722550
0.9213434053324944,0.0,2725678
0.08818548587936444,0.03810330228619813,2716470
0.5312230944542925,0.24578374271967593,2718540
0.6723476301916618,0.006611466171331416,2722564
0.8997656860192658,0.8285602707628222,2718454
0.41916500536727497,0.21494019322189847,2722574
0.7903661088475824,0.24312635156008666,2722575
0.8222573341168447,0.06212476730950199,2725683
0.0685772212937341,0.001074845043172943,2722605
0.7479496844146337,0.20480154725866132,2722611
0.7323300686728479,0.11262033427057314,2722612
0.5025806032768793,0.14692396958458778,2725685
0.5885520383616636,0.0,2722660
0.940504318859666,0.6538714800325366,2724063
0.7216783859552367,0.0,2724064
0.5372600556364036,0.11210190767524975,2724065
0.41925116605967677,0.051555811130279225,2724066
0.683147354224275,0.032308376217780155,2712658
0.8990641128152943,0.09892236679508618,2722727
0.9172301907389998,0.1712481426448737,2722728
0.5967459312879787,0.000932436632597444,2722729
0.9793410771424229,0.8207501245846374,2725688
0.8802215375014626,0.5087951948203907,2718033
0.07319523513371286,0.0,2722741
0.8741008267916301,0.7628570575769332,2700652
0.07296789019925634,0.0,2722746
0.15934252660096407,0.011880088645947516,2722767
0.9118803484696631,0.6038966045133649,2722769
0.9443903292601126,0.6967657266178658,2724068
0.274294132089369,0.0,2719058
0.22524543715651207,0.00783855444267437,2722778
0.5384500985264409,0.0,2718185
0.08479188991512304,0.10408736031025155,2722779
0.12496515370384448,0.0,2722780
0.31671233325328035,0.08165949828613846,2722795
0.4969045033903059,0.0849769545490498,2722799
0.3008750936295377,0.003953450134278461,2724070
0.7404885950023428,0.10296303421654443,2724071
0.5537970008125875,0.1292937873975031,2722802
0.07514115350113448,0.0,2718218
0.0823167453746971,0.004027755952725558,2724073
0.34340056432229077,0.0,2701084
0.3014233351932735,0.0,2722848
0.9808660426335247,0.8027639787255927,2722849
0.21204989409272768,0.0,2723663
0.45424873382104664,0.29400112549240287,2722874
0.1521872486606595,0.0,2722875
0.5755539338727655,0.0,2711919
0.31018779102491956,0.009244571798939094,2714436
0.6354572207885627,0.059841804468643116,2722918
0.6844623153688921,0.08961950037458032,2722919
0.9938265404818237,0.9317515587101766,2724916
0.38838672889696096,0.017866570927752318,2724788
0.3955998339559983,0.06391771597251047,2724789
0.20703720369859627,0.0049571061531985304,2724790
0.5529650613287994,0.18501866528679065,2701607
0.7174882541576554,0.10482511745842348,2724742
0.36503776046341857,0.027778775148708017,2724084
0.6880404675043912,0.16666666666666663,2724786
0.06174633154147902,0.0,2724825
0.37204773869346736,0.0033919597989949743,2724822
0.49919193674515605,0.0,2724827
0.31794651367059745,0.015492720850698007,2724772
0.7385147891755822,0.284392699811202,2724800
0.6187277214148615,0.0,2724820
0.5629759812536614,0.0,2724821
0.264674853356965,0.04326497024939866,2724914
0.7710787205798686,0.6374660233043253,2724087
0.2934580947003308,0.07453416149068325,2724815
0.2923109189844214,0.032683546368689045,2724872
0.34626993166287007,0.0,2724756
0.7652580013560975,0.0025293503683556937,2724774
0.804634718381349,0.06987082997864669,2724823
0.2884188088227324,0.0,2724830
0.1504731610337972,0.0,2724911
0.6905315344925219,0.03732581484400059,2724889
0.4579465541490858,0.0,2724777
0.3717373385841194,0.0,2724099
0.0,0.0,2724812
0.0032473557246242347,0.0,2724100
0.5027314112291349,0.1425644916540212,2724101
0.0,0.0,2724102
0.7488896969841488,0.09185261137307969,2724862
0.0,0.0,2724105
0.0,0.0,2724106
0.0,0.0,2724107
0.0,0.0,2724108
0.0,0.0,2724109
0.0,0.0,2724110
0.39490801928299574,0.021632981238073223,2706910
0.7646460364561254,0.5461212378126326,2724418
0.9315922822061975,0.42584291561099186,2724419
0.1985544797490795,0.0,2725948
0.014459171378255632,0.0,2725949
0.0,0.0,2725950
0.021168004287190737,0.0,2726554
0.9026514360702675,0.09030988099853857,2726556
0.08248175182481748,0.0,2726568
0.4884653779834831,0.0,2726604
0.6017478479949611,0.0,2726547
0.9734874069251739,0.0,2726581
0.9514867234536936,0.0,2726550
0.7525910571513177,0.0,2727142
0.9325289376593351,0.0,2726570
0.41765938341813813,0.3341514516611792,2725965
0.0,0.0,2725966
0.0,0.0,2725967
0.0,0.00045116174148432213,2726539
0.017004382186598745,0.0,2726589
0.0,0.0,2725976
0.0,0.050908364943102406,2726486
0.0,0.0,2726482
0.0402870878190805,0.06906357911842372,2726442
0.060311378407216995,0.05788631293044912,2726443
0.015480980350634728,0.0,2725982
0.0,0.0,2726590
0.0,0.0,2726623
0.0,0.0,2726559
0.9802530083307621,0.8389385991977784,2726576
0.9505398815743643,0.4444444444444445,2726532
0.5777886659580121,0.07339556205155459,2726665
0.3271626417983158,0.0,2726514
0.0,0.0,2726507
0.36789388197076345,0.0,2726035
0.00047450549748512103,0.0,2726619
0.0,0.0,2726039
0.0,0.0,2726040
0.6303798722202961,0.2816601456094299,2726645
0.7972681023067809,0.1262805770436964,2726045
0.05976793663847821,0.0,2726592
0.0,0.0,2726555
0.2638195643047068,0.03920791155478845,2726046
0.09853083839222312,0.0031903509386032453,2726047
0.3906333973128598,0.16168905950095966,2726048
0.05108551270605145,0.02163403958800602,2726049
0.0,0.0,2726566
0.9708967631783605,0.7003839312052489,2700801
0.29497478466550625,0.0,2726662
0.9144802920065651,0.4864775483207169,2726253
0.20245890220117024,0.14405126776260793,2726269
0.25516956162117455,0.0,2726573
0.16001871563925604,0.0,2726265
0.4980841440846509,0.18386841640494822,2726503
0.0,0.0,2726120
0.16637375512595193,0.0,2727190
0.7975930659465398,0.30465846333268265,2714782
0.9840036890846927,0.5605558828635181,2726144
