field_id,vh31,vv31
4400056,-24.115687920445865,-15.619234365781603
4400039,-20.14491453811781,-10.319315613926362
4400035,-16.900082005651768,-4.680769231643843
4400031,-24.067251954699856,-15.326601776471062
4400011,-19.37240084645949,-14.309901178370225
4400006,-18.09706364001864,-8.802953871928123
4400005,-22.657590502284467,-14.225906873679504
4400004,-22.56190503662778,-14.053255830850913
4404078,-20.0018009211505,-12.955120588789615
4404045,-23.068420571942877,-13.656767922562626
4405091,-19.77024391920781,-10.815875867726854
4403743,-19.270465797077872,-5.030007796620121
4403738,-20.262046654226253,-11.493417766281913
4403731,-20.75092250305924,-12.642532349188006
4403728,-18.63653832730988,-12.23732824946756
4403726,-17.082380072810164,-9.31241944473806
4403725,-21.367588711798383,-12.092338327096924
4404030,-18.765429580810174,-10.392854293308908
4405096,-19.989386703218717,-10.531783477809098
4403991,-21.137997097725762,-14.471291494108113
4403956,-24.654612080167315,-14.308990417527088
4403933,-22.995453241676657,-12.825000908445395
4403904,-23.8466742979316,-16.06353288338416
4403896,-22.862383972246825,-13.243085079942809
4403892,-25.785728767541272,-16.277624081996308
4403887,-23.421583270511682,-15.650459126104877
4403881,-22.516390572337148,-14.208085152484989
4404594,-21.688060027413638,-9.870945989874052
4404595,-17.430247557669215,-11.734177256301859
4403864,-23.22560304056492,-14.728208333463476
4403853,-15.768280179263579,-10.072022011713129
4403852,-19.30132432922821,-7.550585715056948
4403848,-25.24229630370938,-14.61326943175898
4403840,-22.25122189135681,-13.446986892435328
4403838,-19.6514865238757,-11.161091099347905
4403837,-22.176810844856213,-13.88015083580821
4403812,-24.34677546201612,-15.696551640772391
4404222,-22.8552918375293,-11.103992558988617
4403806,-22.721792746925928,-12.584072654211191
4403769,-18.287242347703724,-8.948147221036972
4403708,-20.227563273156523,-11.599007246646655
4403688,-21.25923287683516,-8.977352499348575
4403677,-18.676843392421954,-11.736578763093915
4403659,-21.168113143611972,-12.27062478571377
4403658,-22.869224160911692,-15.471360288712734
4403643,-22.071219086873782,-14.904460926923685
4403635,-20.052312972059738,-10.105137566866688
4403617,-21.491071857495893,-14.214408202266236
4403599,-22.26538545357291,-14.155848751378421
4405110,-22.054181673924756,-12.445501099810253
4403572,-22.580974868821052,-11.361117713296956
4405111,-20.671841222295257,-12.343265737087757
4403523,-16.440187772874793,-4.803961408286748
4403518,-18.398522746763827,-9.629472201711202
4403506,-20.84295284660934,-11.826042463448095
4403500,-19.479942903692997,-8.036009464914237
4403485,-19.486795737077628,-11.908032902773186
4403476,-24.335566810223924,-14.798381732095061
4403465,-19.178626871645598,-12.554553282876807
4403459,-20.37060092101877,-13.294222294455263
4403454,-18.590199627070344,-9.742084972119127
4403435,-23.501199296860037,-11.812609647023155
4404226,-22.092917645112195,-14.376698388909336
4403375,-22.7956348136073,-13.746233834832037
4403364,-22.24751735050357,-14.656856218808242
4403363,-17.75227866112663,-9.93848236655666
4403362,-20.509826600097593,-13.42309307955926
4403359,-20.627599056471844,-10.408160267895575
4403340,-23.916775100009176,-15.482434047457653
4403328,-19.948383877905155,-13.467213852962201
4403308,-20.751582697203624,-11.814368756385125
4404603,-18.458358809666638,-9.886654036653816
4403299,-20.438231491648377,-12.728137502701863
4400069,-16.598909104876373,-10.370832393609065
4400093,-22.24394193076658,-13.42459691753764
4405124,-20.272639221069475,-12.244802531517065
4400140,-18.68690668567797,-11.27793064764099
4400153,-23.498988212839713,-14.887010441621873
4400234,-22.528308458383176,-14.031752375951033
4400235,-20.16151384733102,-10.700866880309395
4404235,-18.859249510077976,0.2917312390720226
4400280,-22.831308271553425,-11.539822735419456
4400290,-21.547826736637248,-12.933828226144369
4400301,-20.249934533210595,-11.483502268755341
4400302,-19.960731949362668,-12.900260648262375
4400334,-23.522651219978847,-13.726849229156329
4400344,-22.861997172937897,-13.578177125935744
4400345,-17.696455412138096,-12.053218798723336
4405129,-21.11957442620404,-8.72853349475082
4400365,-24.339072310922074,-15.024619084592958
4404105,-19.19449693960585,-11.966942498637827
4400385,-19.660036851101964,-11.666335460600601
4400387,-22.957642810688426,-14.192211238161432
4400392,-21.94477702663214,-12.455153018305017
4400396,-21.457285114239326,-13.508977300712903
4400414,-18.182583210417295,-9.053684556189499
4400426,-21.29867226518792,-12.875545039093694
4400462,-23.363923427644405,-14.214341872383503
4400469,-19.51825157373501,-10.56067787074054
4400475,-19.43359788403232,-11.775149395750537
4400484,-22.37894771416408,-10.184867687938688
4400496,-24.475874221697573,-15.817961051887647
4400497,-21.112414035415373,-11.048196277976519
4400548,-23.730618391910667,-14.66142237928593
4400549,-22.858161785802736,-13.365603317239508
4400557,-24.422964999272644,-14.310936401799408
4400564,-22.452077941880383,-14.751298671496142
4400579,-19.46317167202564,-7.408358763036465
4400581,-20.897977498071544,-9.376059880335795
4404616,-20.721744587648715,-12.538721102677254
4400603,-23.421700824653747,-12.34845662402148
4400607,-22.26963687025161,-13.373844596419957
4400617,-20.747872898221434,-5.726632266725112
4400642,-20.22467496718208,-8.795194400674625
4400644,-17.46432664929132,-10.129611883877601
4405302,-19.94243892268171,-12.132119199830933
4405406,-18.518862132995537,-9.31932334887081
4400668,-17.78425953350271,-10.151818406505189
4400685,-23.96324965322366,-15.261960844854894
4400692,-16.805773544261285,-7.279862912489244
4400698,-24.250239755081697,-14.167484333344264
4400699,-21.756503579779626,-14.988463870418618
4400713,-22.072758094267652,-11.897767729758282
4400719,-25.17289875260279,-14.453223778398199
4400738,-20.519923384000865,-13.666657855407061
4405137,-21.551016242312855,-12.27477744648768
4400759,-18.034396381080597,-7.877820012282506
4400762,-20.58473496790163,-11.164231554548323
4400773,-20.376701333565386,-10.262545933283466
4400774,-22.77378070118795,-14.517070199610743
4400793,-15.098040360218478,-8.019469083892174
4404240,-21.024668638984515,-8.489391297987583
4400796,-17.840301913377314,-9.27415849722973
4400820,-24.653099655442297,-14.699917649071883
4400821,-24.7719394550215,-14.562921694544809
4400825,-22.415315056578745,-14.09690434667506
4400838,-21.00978939327444,-13.425526483377379
4400843,-19.250056035968548,-11.105276962439174
4400856,-24.094843115697454,-13.787152500925309
4404131,-22.82173713426949,-13.479235227260316
4400862,-18.205168465170868,-10.591061081610468
4400865,-21.977427075284492,-12.608315196594882
4400880,-23.389652440511966,-14.152409600512508
4405407,-19.66051462096276,-6.921275376830909
4400894,-21.014173304333056,-12.891016512216858
4400917,-24.368287518762102,-15.135710754804018
4405143,-23.45347698579876,-14.399997976815555
4400934,-21.607972423429036,-14.325432715853905
4400967,-19.95138711358664,-10.456728983620579
4400977,-22.662219917945738,-11.370336864963948
4404463,-18.010202423475846,-9.505216592878751
4404313,-20.31877909071292,-8.159295574560934
4401013,-21.117377636203898,-13.30274039638659
4401027,-17.133438740936043,-9.153105980399353
4401034,-21.43417798128551,-12.42221004170064
4401046,-16.501824532866728,-10.836273940907276
4401049,-17.07408753100837,-8.257026295162246
4401053,-22.86608988824494,-14.461089742757116
4401074,-20.924050401498413,-13.194993273038337
4401107,-23.25654263595272,-14.469693745886998
4401123,-22.757592947712787,-12.487829017464485
4401154,-22.971839673528308,-15.438084094391776
4401201,-20.391353588800786,-13.516292775356233
4401203,-15.498934647194188,-10.0515433619574
4401228,-21.703058406018002,-12.575380689071991
4405152,-19.216502084460686,-11.703746351686739
4401269,-21.071460920516124,-13.034721623055038
4405153,-18.55241215824279,-11.842398329692246
4401286,-19.799168207011935,-12.919576264226162
4401304,-21.086373771438538,-12.519798036201491
4401306,-17.407032020998084,-9.682236590111241
4401313,-23.450007223995147,-15.810845133954675
4401325,-17.20456481412173,-8.182926196093565
4401334,-21.466843655671386,-14.380575719502101
4401363,-17.556558732898505,-9.105592801497805
4401369,-15.739493879035894,-7.3715732411823
4401370,-18.678550672682267,-9.400380716440253
4401378,-21.831983274330057,-6.57504057479079
4401385,-24.497715180218623,-13.84741845734397
4401387,-18.667716962575437,-11.354612688126243
4401388,-23.46231318828726,-13.985220797018773
4405154,-20.667982598602087,-10.319243637310532
4401405,-19.54739858955483,-10.514399394662252
4405155,-21.684452663116232,-12.434156864764367
4405156,-16.2531668771727,-11.428922924453692
4404637,-22.678401465639148,-14.299459063709564
4404639,-21.722343266323993,-12.803503268195227
4401460,-25.21818868509,-15.337046977110573
4401473,-20.113979719902602,-7.406173841434387
4401475,-16.621229216423195,-10.8150743637941
4401478,-20.602608361248645,-10.497051272807594
4401490,-23.577005875697473,-14.509414946880247
4401494,-21.616075329000147,-14.469276069727297
4401501,-21.777239132723235,-12.49122026510408
4401540,-20.494520379035496,-11.443436319355403
4401548,-20.25980049965272,-11.154675613191506
4404642,-20.15197048273992,-11.05272664893674
4401564,-23.819749404746187,-13.427886136255628
4405165,-20.310657436547995,-9.855833484794182
4401582,-25.22254285446345,-10.823838944248484
4401592,-25.36147703839338,-14.395321599861926
4404646,-21.06965915641141,-8.152554722031121
4401617,-20.08114196147956,-8.680931036939503
4401618,-20.59815438481786,-10.641157557050025
4401639,-19.89022097477058,-10.577923437857907
4401642,-23.068160295592833,-15.064778790350593
4401652,-21.56103527167064,-11.81510675072749
4401656,-19.6140747082703,-12.269422382705224
4401659,-20.012032287075037,-7.952340643892381
4401672,-20.9673098788311,-12.477129926212433
4401674,-18.392270959914477,-10.554562604805591
4401684,-20.148636770159285,-10.044789041399312
4401692,-22.760780302681848,-14.11981929368393
4401698,-20.161908528009292,-11.395728384155435
4401713,-21.799961503296068,-10.886251041021985
4401727,-19.835306693142446,-13.233150198696384
4401734,-18.6399288123276,-8.967842535647906
4401740,-20.563266540286854,-10.661011136533105
4404250,-20.009369506527484,-11.798115055731532
4401784,-20.13713468432053,-6.249525092168272
4401802,-23.144842102461148,-13.558842101639543
4404251,-21.623803279744596,-5.645739601820139
4404650,-22.63091560906214,-14.510482498106292
4401844,-21.984373319322728,-13.384266340545947
4401855,-18.19384592348565,-11.070134740341219
4401861,-19.7745214059142,-11.40445411960761
4401875,-22.11380141009122,-15.930732763465313
4401878,-23.668649723437955,-14.863224684918066
4404253,-20.40470591717197,-8.89490765105363
4401898,-19.94097003521594,-12.064077690172226
4401905,-19.54823860262388,-10.92588105490257
4401909,-17.521068208376494,-10.201247843997303
4401950,-21.154602890953704,-11.288152517637903
4401952,-24.429294725079224,-14.858953873317173
4401954,-19.639096525689126,-11.525234261586204
4405170,-19.79668062966119,-9.89456891502072
4404214,-22.57843158770654,-6.61544743867759
4401966,-21.61235591666645,-12.974515698602199
4401981,-22.234724402124343,-12.842879156006727
4401983,-20.230184041653246,-9.739075267965797
4401991,-16.812838786702926,-9.737541839299611
4402014,-19.496811156114422,-4.9162640439511245
4404652,-16.955216465078596,-9.508157297955341
4402056,-25.33472432647029,-14.712366659415526
4402077,-21.023300535031503,-5.250685033907479
4402103,-23.665034898746907,-9.999469180149422
4402138,-20.764584388759733,-5.226673460188805
4405174,-20.619350999085054,-12.442159085833259
4402146,-20.123027434280786,-11.749441599875384
4402151,-17.35068260100835,-9.738861759022507
4402160,-22.258854203883956,-12.463701276854994
4402161,-21.38627267778678,-14.166635577512535
4402163,-20.1973600130038,-8.72077886278303
4402191,-15.872102142197418,-2.793940071770053
4402216,-20.39415523840437,-12.497401795249798
4402234,-20.04320121824348,-6.902579405766732
4402243,-23.637494983196767,-13.258688733278758
4402256,-17.541116549803018,-9.202265551054984
4402282,-20.20480967057284,-9.235321380679624
4402285,-21.018458216078685,-10.606942702838927
4402286,-23.851522749192537,-14.331031518238218
4402289,-20.983164751999624,-8.48565882368449
4402296,-18.853265762094235,-9.021083483791841
4405440,-19.892497214426747,-7.515706257027366
4402320,-19.138144243081836,-7.725398457153058
4402323,-21.656292575086074,-14.896174473306385
4402327,-20.159044619374104,-9.882014094540194
4402336,-19.95126202662021,-11.75276302170127
4402340,-25.22677288495744,-14.806855648439413
4402341,-22.069869872692337,-13.12779271218655
4402376,-24.255536822555307,-15.723958498187768
4402430,-17.496806850836446,-10.937204531654352
4402435,-19.971343113805084,-11.919365567234733
4402467,-15.252546374949834,-6.6935978709578166
4402481,-19.883538973618087,-9.955535074361569
4402485,-18.554227778222206,-11.338173642117095
4402488,-18.035189252836755,-9.898674752778621
4402522,-17.971738679011157,-9.926161038855922
4402531,-21.002650210119736,-10.858566230216596
4402533,-23.393608681269885,-15.484150920806162
4402547,-16.640474418973604,-8.340741532504973
4405444,-18.582246233987078,-7.55320597304538
4402560,-16.11000917556128,-3.988732106169869
4402570,-18.186458580811813,-9.526153627103552
4402571,-17.387012514569708,-10.93404370388077
4402576,-19.683237563999064,-11.828369192806742
4402608,-23.608503282603476,-15.84685902404818
4404667,-22.09693490077954,-13.412682759819855
4402616,-19.9207417709886,-9.989125330867305
4402645,-24.1072085952218,-16.863045914853323
4402646,-23.417574701587416,-14.472617072959412
4402662,-22.977805973850558,-13.720189065479603
4404670,-23.54551202651173,-14.219223658826282
4404671,-22.054783575955916,-12.622815310280194
4402696,-23.54628862365743,-13.692182097546377
4402698,-20.09711190475909,-12.214552575748362
4402700,-21.21292539436374,-9.66974864128724
4402702,-24.35387294545238,-14.319426051262388
4402725,-22.841200661005107,-13.63458009182988
4402769,-24.009213433046405,-15.45952991644886
4402771,-19.225561857531467,-8.800839057434848
4402775,-21.095012215072597,-11.99024952482323
4402780,-20.54766212128137,-9.589476632843265
4402789,-18.752076106959663,-10.971761318546973
4402795,-16.963755019345715,-10.091460813347815
4404144,-18.873758950657162,-10.561828819356332
4402802,-18.003219514651896,-10.45061871864473
4402870,-18.832179552671736,-12.730306313757577
4404676,-17.83992597310796,-10.201603397034996
4404677,-17.867965533424552,-8.791130549743768
4404678,-18.06513790488403,-9.361101854824508
4403000,-20.97801071017622,-9.19888005101017
4403012,-19.983146507463342,-13.359739727833801
4404261,-19.713834433126657,-11.676079928073369
4404262,-21.12035063651782,-12.637015329853815
4403072,-23.08581228218237,-12.666131077445899
4403073,-23.10500908548935,-15.979078149420332
4404345,-22.056979313452874,-12.402398050538958
4403095,-20.216546448486596,-6.518831256897566
4403096,-21.0354135662762,-11.846368367176659
4403097,-21.61989629437177,-11.571653165790787
4403098,-21.614389590678233,-10.361896179486815
4403099,-21.679633420628083,-12.20326301647623
4404686,-23.336155822213385,-14.624837862281847
4405204,-24.550335982307953,-14.707809902216466
4404687,-22.0837190619867,-13.92923262292038
4404346,-22.45811265511865,-14.441263422719656
4404347,-22.615358867009572,-13.694416268838014
4404348,-22.22878642250494,-9.152708478414914
4404349,-23.59219516354838,-14.5264459094019
4404350,-19.85963898621081,-11.834334664787393
4403165,-22.871794433544625,-14.363546045367924
4403200,-21.0465876896336,-12.435181424328938
4403237,-23.002678182252254,-13.756569995316967
4403242,-23.61313176590176,-12.347113695715324
4403273,-18.960686069937978,-5.8449033443281255
4404269,-19.058360585969908,-10.433022336328381
4404365,-23.439769067348173,-13.733391547487338
4404479,-18.35621626906325,-8.10049127201534
4404523,-21.737632323800568,-12.743877760556888
4405212,-22.015011920257358,-11.892509288183073
4404699,-19.880913857746545,-7.7708036154676
4404700,-19.982117715044463,-12.20864881531351
4404702,-19.48919983037015,-11.735283884902113
4404777,-16.656977112069562,-10.058915612228908
4404760,-17.94395536715122,-11.352368590051976
4404703,-16.90905587827326,-8.976144281094022
4404746,-18.65027280561139,-11.633398951737746
4404728,-21.709189445810573,-13.649832619198891
4404715,-15.618925509578107,-8.90287842984202
4404737,-15.84004827007078,-5.208641083831377
4404745,-21.865621522275607,-11.693248895482848
4405475,-19.393839003587733,-6.103147562046392
4405476,-21.16322004009773,-12.383453170446616
4405322,-17.052621897617264,-9.132180680693285
4404618,-20.041746358907055,-11.77035549950466
4405303,-20.30485246942605,-12.071820203746046
4405283,-17.077584670576268,-10.913188114688905
4405292,-17.06754986576907,-6.6427707183365525
4405479,-17.699370669390138,-7.82273567306193
4405270,-16.99153480701169,-8.846092354474859
4405305,-17.607101120485737,-9.423809932610721
4405238,-19.288292902128475,-10.489808653995286
4401813,-21.153994461378915,-5.93001456010749
4405299,-19.810819612496836,-11.839131926899418
4405529,-16.603364332305034,-9.84244612984689
4405549,-18.00225712182751,-9.78104081650926
4405566,-16.921284826812517,-10.435806689099952
4405569,-21.515535933640916,-12.380070823992403
4405574,-20.36904195958907,-12.47031956051897
4405555,-18.597949864296318,-11.937817061833757
4405525,-19.59308523855242,-7.547314131138066
4405506,-20.179420166841116,-12.047088491311715
4405582,-15.701739432021487,-8.542746219077143
4405583,-15.558864774955493,-8.459760885184098
4405552,-22.336621036854428,-14.157346180212057
4405531,-23.36616422023959,-12.572396796577598
4405534,-18.461925298431424,-10.345179734645589
4405542,-16.349718349108944,-5.48261364939202
4405512,-17.768797782995435,-7.220396760781334
4400729,-21.221386050321254,-12.412631632529708
2723788,-21.39281598909506,-11.953616494251522
2723789,-20.202440105371316,-11.516884314962248
2716605,-23.45865648338378,-13.897445571974094
2714956,-19.376211401328558,-12.73016816537723
2722509,-21.291770905067718,-11.192636636252622
2723792,-21.13970626785994,-10.880858266047708
2722698,-21.20194382308764,-12.827888692282679
2722699,-21.94229027984376,-13.280674519179037
2722700,-22.01555213408473,-13.020787298907589
2722702,-21.24899808517159,-12.689333230879768
2725352,-20.475849479384504,-10.095195912152338
2723730,-19.897046468234443,-11.015341805069639
2724430,-22.88018306086426,-13.605175025699353
2725354,-19.580570824915252,-10.986692900888857
2701301,-21.849371330978933,-12.89064075713634
2725357,-23.294576301751015,-14.73251457822183
2701531,-22.08119119705685,-11.921125674409398
2701578,-21.397133387238167,-12.312737320220421
2700885,-23.21747323598737,-14.771574303420433
2716341,-24.165653713435596,-14.821382656175771
2700718,-21.734360867279054,-12.070984502388656
2700533,-19.459232629630474,-12.428215899075278
2700107,-21.91396411174741,-13.181560235952743
2715531,-22.87984130986113,-13.77132159366861
2715519,-19.553060835691998,-10.11064186658496
2725362,-21.135009521851345,-12.585291710746416
2725363,-21.624783202383135,-11.670786902730303
2715257,-19.723556720918197,-13.124648179012102
2725365,-23.154069923448112,-15.218071833267901
2716527,-21.72408036145962,-12.621830887798573
2713245,-22.101603755730583,-13.492965481716844
2723811,-21.860483940195717,-11.265319577751345
2713020,-22.88756072805914,-13.446026296727789
2712849,-20.583377948523058,-12.135608590503608
2712741,-21.485653559233853,-12.068301654209643
2725373,-21.43360307993949,-11.753030444047758
2712255,-21.58193897733857,-11.917019489141605
2725376,-22.878009406439034,-13.740316877030878
2725377,-20.598612310354227,-12.379009484542461
2725378,-22.477617144087052,-13.132919131911224
2725380,-23.753461153855614,-15.062487480763625
2711350,-23.773355467724116,-15.091255198716416
2710853,-21.08826849275421,-12.019248619732997
2725384,-21.239329333910728,-11.630255352415036
2710485,-23.500977614463594,-13.968598198630547
2721846,-21.714802809165434,-11.645565151717193
2708952,-21.969345856953986,-13.784459517184903
2716794,-18.70857866101885,-9.158475131262827
2701089,-20.83723525550088,-12.562740423385806
2717046,-21.775896896343653,-13.009553159040557
2701633,-21.05143003723914,-11.021159179492058
2721870,-23.102156812945307,-12.980990779234576
2714531,-21.327117678242203,-12.676833222357761
2714517,-21.76502273267218,-12.591440235475053
2721888,-18.58853842453744,-11.267813009454231
2721889,-18.64558047759551,-10.376363261262975
2725392,-23.97803165555382,-15.544313584151945
2723821,-19.070969793355026,-11.672383177740056
2724509,-21.41937940435577,-13.037395098472874
2721920,-22.421079818546318,-13.009378230655898
2713637,-22.84109684194474,-13.42141041447243
2722153,-23.589370668677883,-14.128651525056316
2722154,-23.351686825933324,-13.376700967765835
2725394,-19.22588208793452,-11.763215297842605
2723564,-22.26195337521538,-13.562612006311042
2716268,-22.794726984018673,-13.550227648166294
2701233,-19.91216522474779,-10.931878076422807
2716288,-21.526787583959095,-8.73941250487916
2725397,-23.151928137349852,-13.911450575076596
2716297,-22.17650567482297,-12.995887746010801
2716298,-18.850413957983513,-9.086616655521244
2725398,-20.600299136083276,-11.782868718550215
2725400,-20.806831456523515,-12.506156029669825
2701624,-21.45948671267618,-11.104505581410738
2701640,-20.16163897446824,-12.306116471157265
2722251,-19.86216524785661,-11.152674942020878
2716346,-20.794155573269325,-13.15248103428494
2700772,-18.470900923180803,-10.322170251337615
2717233,-18.814927980642388,-10.435002293086812
2716357,-20.46973936962814,-12.092229863256161
2700543,-22.195292680292084,-13.749825643339818
2700464,-22.048315403936353,-13.050264239302642
2700459,-20.706017890153074,-11.909664449189048
2716366,-21.051361191209903,-11.672695481031797
2700356,-22.81208863836155,-13.801029117965523
2700201,-21.3419929141857,-13.326475908094109
2723831,-20.033595607457688,-10.789220683573104
2717244,-19.288105081538617,-12.20290347183038
2700094,-19.64446224039457,-11.675416332578903
2700053,-21.96638016388677,-12.49545790966897
2722276,-21.602994707198153,-12.800717204399334
2715626,-21.547524653069203,-13.75117218261119
2722285,-20.503835949283904,-12.861284775123949
2715449,-20.47479016026573,-11.793611049559665
2722288,-19.72276994451522,-11.82954316421462
2725404,-22.30142116624466,-12.915890495361815
2725405,-20.8176068660674,-10.578795866177732
2716423,-23.588591117905846,-14.279898572324155
2715084,-22.318544374239426,-13.376546060718441
2715035,-21.96286936448648,-13.252293451051196
2716438,-22.225065340167173,-5.2593101479318936
2723834,-20.79274441493128,-9.626798920700372
2723835,-19.30633386084591,-9.3121224869504
2716456,-21.794282143532097,-12.19802727509741
2714591,-19.610258574890423,-11.741379178968977
2717290,-19.219303301033655,-10.002815550709329
2714524,-22.717291418503,-13.922749494152704
2714354,-21.3880557845389,-12.746262685630583
2714246,-21.403000295225798,-12.841731380446005
2723838,-22.483820367232497,-13.784514938670261
2716486,-21.762803100165865,-12.85971412382951
2717296,-22.919997722568862,-14.158720105527351
2714048,-21.835236154151183,-11.959914613772124
2723839,-20.822352118265083,-11.7977326720041
2713811,-18.42248526657823,-10.070154310761183
2713782,-20.743983793435245,-11.976145893728733
2725412,-20.105746564628287,-11.12655051409483
2713736,-21.33728288483059,-11.45012938967176
2713586,-18.732410145809187,-10.53456311335594
2713585,-22.30535340810854,-13.433026804905788
2713574,-22.17924011878404,-13.504395454571483
2725414,-21.485048958926317,-11.454418965091442
2717321,-19.488379713831673,-10.213522980403914
2716539,-22.733922049844285,-13.434650470262605
2713148,-22.959601204516378,-13.75185627399666
2713116,-21.817692996072036,-12.520657823896741
2723842,-21.269030238532594,-12.019417364772826
2725415,-21.894599730878753,-9.175146325723071
2712783,-22.28145564669949,-14.523841987814707
2716563,-20.784749921951658,-11.23094328419733
2712749,-21.552370491212226,-12.51419404201336
2712663,-23.152445733549147,-14.137598245110407
2718782,-23.423521513659146,-13.774009291470096
2712311,-19.35139130257461,-12.152078080949773
2717353,-20.478202097063686,-12.708625286777202
2712282,-21.735353958254866,-10.602082786776684
2712026,-21.36404357474191,-12.456417805865254
2722355,-18.967375275678013,-8.855331248105175
2711800,-17.896394501902893,-11.157572775686885
2723845,-21.955552792522717,-13.085991810809283
2725417,-22.26895057106256,-12.457210248493046
2711691,-21.480154002949334,-11.981657235399368
2711665,-21.39171140048886,-12.545599182955234
2717366,-19.731440886574994,-8.899462088088042
2711595,-22.343263592910255,-13.658640989850955
2711524,-23.118714755118695,-14.322197329144958
2711438,-18.59713702333343,-10.193366573349264
2716656,-19.853031799784485,-9.697934250139749
2711060,-22.91898917989915,-14.306845510678539
2722386,-22.442091270389028,-5.9489087395669555
2717377,-21.612473547881773,-10.893895410391538
2716683,-23.07692658773115,-14.60398432873302
2710825,-20.89782566801069,-12.525091219826246
2710761,-20.215899394531586,-11.179611918850505
2722389,-17.91110502971676,-10.144354209653908
2716695,-19.581788203397927,-11.044824599938636
2710593,-20.138567961517438,-11.789518340330023
2710539,-19.9902389502671,-11.796312660016246
2710464,-21.96470422313538,-13.051293509196372
2709995,-20.51011911579549,-12.776497988511965
2722411,-20.127828576049442,-12.733153730900229
2709503,-21.074594577533173,-8.699384107326397
2709445,-20.524320773131638,-8.204713758061526
2725422,-20.459572040650343,-7.596139427648554
2709266,-22.63862439776714,-13.656385556204386
2709265,-22.484250852329257,-13.722708294617433
2709264,-22.37046547192226,-13.792522661883183
2709232,-21.968466939194965,-12.820293639901791
2723851,-17.4976154024671,-10.700451171213423
2722443,-22.54689407542726,-13.796024511668252
2722446,-20.023266319711382,-10.73484756318047
2701313,-21.372860186282463,-9.800391702234053
2719232,-18.791739577800893,-10.097182861774169
2722450,-21.919560673567982,-5.33357957948451
2725427,-21.866639764898476,-11.601275547629294
2701450,-21.126289259227658,-4.820622484091994
2717058,-21.032043376310195,-11.06586579130928
2717084,-21.965359981332124,-13.637413791028038
2722478,-21.91129925918596,-13.15216911690043
2723855,-19.241528779125424,-11.07910579128577
2722482,-22.6603021598783,-13.988579628948534
2713002,-22.24679809099754,-13.911223962954105
2722487,-20.78672713017814,-11.323148256715335
2712505,-17.77578213229144,-10.859857446414155
2712382,-22.29068962157143,-13.925591993184394
2712364,-23.021540534927986,-14.593446342817138
2722494,-21.670776992534513,-11.545237760895908
2723858,-18.75010862034479,-10.864402734027873
2709641,-18.156724955782817,-10.098304853881762
2709639,-18.296529875573345,-10.44914999381571
2722510,-20.858586990625856,-9.85406189384478
2717145,-22.736845669646147,-14.322395033920515
2722576,-19.940747460762523,-11.959991553186374
2722579,-21.151089367955123,-12.353300298309147
2725434,-21.54251769452527,-11.972924177871336
2723862,-19.29164537658978,-11.206951267509675
2725435,-21.44875845561489,-13.249880941667053
2722628,-22.940347622967362,-14.697102973512687
2722629,-19.863299032631136,-13.430810629049104
2718783,-22.603945230938667,-13.83988421914019
2718971,-22.201668911001995,-13.135299190814537
2722636,-21.81641109642653,-13.34463876404291
2722637,-22.141131503239013,-14.410041772424211
2716573,-22.423202609125838,-13.812416181129514
2723866,-19.186067714392486,-12.213863209034738
2718953,-17.39255600449501,-10.238248813876476
2722688,-19.640775230874706,-5.135306874948487
2722690,-21.824334409281068,-12.063064950667465
2725437,-19.92025479148237,-9.528063171151283
2722693,-21.607907556695935,-12.18252172111362
2722694,-21.0337199653846,-11.754143255624227
2722695,-21.511040509986717,-12.124665755224536
2722701,-21.85076222639351,-12.161790447093862
2722771,-21.891174011716114,-13.107674707254334
2723870,-20.02403064682737,-9.177206355914134
2723871,-20.435615912760074,-12.741053794969385
2713418,-19.796863042984782,-10.387366536066242
2716839,-19.88413380177155,-10.955213518996183
2723873,-20.550390580388537,-11.864203243200045
2722827,-20.318861131591486,-11.591817746701752
2711466,-19.513757259501027,-11.713153331068128
2723875,-19.7381219089865,-11.6462270635231
2723876,-20.487570938263854,-12.431318096394815
2722842,-21.708217124042577,-11.984853421448197
2722843,-21.647019986117158,-11.643384331073204
2722844,-21.816698261257425,-12.287044561139924
2722853,-21.560695110286343,-11.680014727706126
2723658,-19.496044122714682,-11.655543084726565
2723659,-19.568625652060888,-10.6504421568125
2725438,-20.847364460821005,-12.54726150458088
2723618,-21.78883164151594,-9.992214422958815
2723705,-21.39330992926271,-12.620356108899422
2716739,-22.303159695298234,-11.724908788580201
2723750,-22.992467408697713,-14.540230970677083
2722916,-21.477260653158872,-12.399868279240856
2725441,-22.271463075330338,-9.844996424810713
2724566,-21.142889072154205,-12.174955918404846
2724535,-21.12874931035118,-11.552365151581661
2724522,-21.076639288765442,-13.181754042895953
2724545,-19.306308935048783,-11.49952595689483
2723883,-19.34706739193453,-9.77305343449703
2722264,-20.383649505574258,-12.60550479691787
2725442,-22.523102266211335,-14.09683959606898
2711876,-22.892105541051276,-14.25361700787209
2724499,-21.04942261131547,-10.586920737966535
2723887,-19.578930200140803,-11.395403169862144
2700165,-19.43574335343145,-10.78128820118695
2725450,-19.711844346862417,-11.575795028874458
2724533,-20.434896559079302,-12.387255724465136
2716276,-19.869709274388207,-12.554267699741091
2716314,-18.90381091501512,-12.072759991350944
2715387,-22.335768023618094,-14.33007709077811
2721833,-20.58452476853464,-13.227821124476748
2713102,-18.250004168288736,-11.488172090463326
2716585,-17.68400969307123,-9.975654158966348
2711496,-19.374315951527365,-11.925657114978147
2711495,-27.3737618478992,-18.792389228220273
2716747,-19.988827656834896,-12.784977245433558
2725487,-21.738794236249234,-13.244116156714291
2725491,-19.871330921088653,-12.652584286200902
2711967,-21.126020175554043,-12.79216241182125
2721900,-20.063500220251854,-12.526684000691802
2715362,-21.003324295929783,-13.146058424064972
2721901,-20.212690451721286,-12.017559261254036
2725500,-19.152963326529505,-11.698949720187878
2721903,-18.85770994818945,-11.077859243505866
2721904,-18.57802566570872,-11.54720909839697
2717510,-19.566141138228787,-12.703168790354209
2722224,-18.990597592324704,-11.804664329210812
2702910,-20.616800296700134,-11.557611873848465
2701547,-20.833393023648004,-11.78850061079485
2700609,-18.96931060631916,-12.727570666404867
2722263,-19.992051700195688,-8.905160205425053
2700262,-16.49068114553213,-9.830728436128016
2715149,-19.87594837539099,-11.06820913792226
2712897,-21.222600214087326,-9.638760530177167
2712848,-20.07026137409574,-11.012113709367325
2712565,-21.408671162053217,-7.259218418428227
2712316,-18.812083904077518,-12.498574504421892
2712271,-20.29534117434291,-11.888384266195608
2712127,-17.91492024363404,-12.860477135090699
2712071,-20.745422112645915,-11.490615843050593
2711934,-17.129592502649288,-9.910514610145244
2725545,-18.736551080685704,-9.327418927027708
2711369,-18.7169725802376,-11.663460757231697
2711353,-16.258413176235482,-10.442369587141155
2719003,-20.3395023671504,-7.191800524429433
2710752,-17.292237981344098,-6.601902946359378
2709714,-20.166196074365878,-12.113501746451597
2708599,-17.21846989802373,-10.146258883863712
2709697,-19.85183545044394,-11.806214441743032
2718734,-20.533425228448884,-9.454797467711089
2718735,-21.772052850878435,-10.027950483234184
2719062,-17.442878397962616,-5.714631825809783
2719004,-20.168988752427026,-7.092685937854033
2719005,-20.782873059976826,-7.246628751843261
2711040,-20.84269603412386,-7.5326474678377915
2719006,-20.240308487186443,-7.307229994750768
2718008,-18.593037417277753,-9.96429609061083
2722877,-19.563546531370214,-8.028932767011915
2723964,-18.22245449759624,-10.657254153330067
2715780,-20.870422453701615,-11.959657614464888
2715782,-21.019631869157944,-12.415439068223552
2715784,-20.38620309129617,-3.2270199757674534
2722227,-20.987942056776745,-12.194763454717528
2725551,-20.670061115349856,-10.476589341077561
2718007,-19.34297005754386,-10.03329151136645
2701086,-17.371713629807424,-9.775828664442315
2701104,-15.856108204434072,-7.190931722445575
2717201,-18.813014607241563,-11.912534838009535
2701124,-21.981520458617055,-13.351633660783257
2716272,-21.438985752957073,-12.738621754670067
2701149,-22.0797795919063,-13.161053402316229
2722234,-17.82794003427235,-8.414755409218893
2701287,-17.74253454142334,-6.698122115473906
2701294,-19.3581588787447,-11.243378702074896
2725556,-21.544997554271024,-13.440331438551032
2701328,-19.379316011530054,-11.27818954096184
2701346,-21.097083548079958,-10.088630421389997
2701352,-16.67920723306464,-8.354704054695734
2701409,-19.687751427761594,-12.289786098959969
2701414,-22.569809903283872,-10.231433806422974
2722241,-19.49044020912766,-6.6063926505338175
2701472,-18.77061762652255,-11.165406906708737
2716307,-21.155654911734537,-5.011655320187108
2722246,-19.19408025479512,-9.445119856837444
2716310,-20.099213978468637,-9.515376458553707
2701600,-19.627455765785676,-10.630379311336986
2724741,-20.422458989173816,-10.302167530080364
2702897,-22.613667892302175,-12.96772816627159
2723972,-20.063325262703657,-9.77786913745334
2701017,-18.60646867544704,-6.680460497377746
2701002,-20.856110345065236,-11.079739132848225
2716328,-20.471456694792646,-11.867928437435912
2700976,-21.430624394090366,-10.056194822982478
2700952,-18.41152288494656,-8.021924605151266
2723974,-22.421885290147255,-11.103605420899346
2723975,-20.43728482592285,-13.439398363881406
2700900,-20.32296673553278,-11.82314713465933
2700874,-20.15064632684122,-11.636403180001746
2723976,-19.46091366478207,-7.525738201728023
2700836,-18.091321081510518,-11.83537717232669
2725563,-20.1007208861613,-12.863746534229834
2700765,-21.14860412408196,-12.05392502968234
2700722,-18.155432066290633,-11.690119197328242
2700683,-20.796289057212146,-10.969486562446015
2700680,-20.80451955185658,-12.992195661757918
2723977,-18.144267260576445,-10.76081044712172
2700648,-20.75966739576926,-11.193602028026637
2700635,-22.488091712297862,-12.98294284335022
2716358,-21.723541128854862,-13.122034134968773
2700556,-17.968432980526288,-12.599943231155798
2700521,-23.05476863841775,-14.787418783145514
2700501,-21.010622779559927,-13.111493180826294
2700478,-21.875540605851715,-13.21878921157205
2700468,-18.88964716765993,-10.705724461190727
2700454,-21.124578341134477,-12.687251008437407
2722266,-20.635348762073967,-12.947098414991407
2700372,-20.59838894013394,-11.98049217135057
2700351,-20.346963828827825,-11.990416589083386
2725568,-23.045778442238817,-14.078171607190344
2700319,-20.912352080513102,-12.844141886238912
2700296,-20.182437529966894,-9.878686491916106
2700270,-18.68580680102344,-9.431570133455143
2700267,-20.9929116198572,-9.659579958779974
2700264,-18.870283332616037,-6.049624354201005
2700251,-20.98869469072208,-4.947624828766041
2700190,-22.086486397008258,-12.446277989649863
2725572,-20.696175738837983,-8.711928929346287
2700136,-22.195239972344712,-12.766060000035186
2700129,-21.933543321885665,-8.558894772189168
2700111,-19.363321314245784,-10.934499686535204
2723981,-20.77082464205046,-11.385410623143565
2700039,-20.044246153959616,-11.26793973666083
2700030,-20.63250859854764,-9.158845483593488
2723982,-21.40775487748346,-12.941160232899238
2700016,-20.584632733359037,-11.226778137390145
2715753,-18.838877294079296,-5.159201881896781
2716388,-19.188116231406745,-1.3879257687851774
2715710,-19.32656859602155,-3.97357635325086
2722277,-19.230538731587398,-10.485392445916112
2717257,-24.271508825871223,-14.617524720521216
2715693,-21.040477423107568,-12.968860757591866
2715585,-21.878337125067834,-13.659564151457795
2723986,-21.639879072114102,-11.196652816214197
2715571,-20.678756931193803,-12.720049544637039
2715564,-22.91460100156415,-13.841161776055895
2717261,-18.664186266441362,-10.873026445115412
2725578,-22.402993839226195,-12.743203642099378
2715507,-16.289374081943052,-7.094544034737187
2723988,-21.360775569121664,-12.843484964789246
2715469,-20.463479698523752,-12.313931185790969
2715458,-20.75671179497071,-10.945592336435709
2715441,-21.337863698105366,-9.28958435966001
2715440,-20.427303227107945,-9.774540762977015
2723989,-18.406940574087066,-6.013070862382874
2715431,-19.484902830264776,-11.189162589988216
2715422,-20.208598872613177,-11.656769858753828
2715419,-20.15351842657788,-11.104671443444285
2715395,-22.64415657444163,-12.947278458211423
2723990,-20.90132720765587,-12.844729455563312
2722287,-21.554398094800092,-11.074344711318185
2715341,-20.629577569286624,-12.366747425022494
2715333,-21.44901846345378,-12.58548743435285
2715317,-18.19756312600465,-9.53676199537838
2715295,-22.28233072077241,-13.86348500762551
2715284,-19.49167325776218,-12.923769704546926
2715225,-22.797685902543595,-13.777148743009349
2716418,-19.962725018653206,-12.215028934263911
2717273,-22.82359408000469,-14.270601136119042
2715157,-21.66541999153772,-12.549448898262785
2715155,-24.175105390126713,-15.534908511531706
2715150,-21.331606700451083,-11.845128619851414
2722289,-21.37019348889369,-13.845933946529856
2715127,-20.077804121641865,-11.509567735092924
2715110,-19.700741547031253,-9.488450683465503
2715106,-20.238835212531992,-11.406620407746377
2723993,-19.323332520335597,-6.672633333262269
2715086,-16.01016622394236,-7.250136149753069
2715063,-20.77638297132123,-12.072178581479495
2715049,-19.996591164489285,-11.822281172984782
2725587,-22.157421147939736,-11.997989672089133
2715026,-21.77277082464677,-12.117492663262885
2715023,-21.691861091157914,-13.714436955924521
2715012,-23.510860403638226,-15.75391430045112
2715005,-19.487444707136742,-10.83409501988701
2714926,-20.677919591056522,-11.754386137501644
2714906,-18.9555991858845,-13.252446473994942
2714899,-17.450975663725682,-9.255525315700341
2714887,-19.474271737885555,-12.11858167343879
2723995,-23.023328641384797,-13.846142394578262
2714865,-21.08057303844222,-11.615942690808073
2714864,-18.93038383790779,-9.60657320910362
2714862,-20.509022333206996,-11.216966787677885
2714764,-20.920523443527625,-10.919956090236187
2714743,-19.485395973841662,-11.360171551856013
2725589,-21.836297908376057,-10.794517991090284
2714720,-20.943057867646324,-12.067929539683352
2714709,-20.64470632360694,-10.447165099221102
2714679,-19.091486123237107,-9.29494088534353
2714648,-16.6357512471553,-7.8866622549997
2723997,-22.40841819975513,-13.731238941921369
2714625,-22.244566758822508,-14.296070157934901
2714567,-21.83343116252644,-11.782821652303468
2714566,-16.63322603290574,-10.639353263197956
2714503,-20.56985783672458,-12.371105351045628
2714500,-18.836441028140307,-10.055274098458222
2714484,-20.864201772724552,-11.389670829640075
2714473,-17.304611974466912,-6.908132121033275
2725591,-21.426628058279835,-12.085725343625565
2714442,-19.98678303468433,-9.651191779001142
2717293,-20.978650608908907,-10.43059685455909
2714411,-19.354129462469157,-9.795551501626266
2714388,-22.750601984907032,-14.526619701164327
2714378,-20.49797365062837,-11.238386143596426
2724000,-21.68424281043198,-12.798559886049292
2722305,-21.148220689104267,-12.271301225393332
2718539,-20.06572049215293,-13.328877883264033
2714284,-18.231260348706964,-10.219264366517173
2714265,-22.875381220601856,-12.188832687144856
2714252,-21.16076045982918,-13.164793250246392
2714245,-17.25617082052557,-11.86175622578904
2714235,-19.51559232299861,-9.890777488623439
2714220,-20.847412805727064,-8.38498636786793
2714197,-24.462555849470483,-16.1895204692722
2714154,-19.955994887883033,-11.988457165407304
2714138,-18.021392506519582,-6.892156189991621
2714135,-22.899895031784254,-14.33267728248228
2714134,-21.292010819571725,-11.705047516455155
2714112,-19.869565177935243,-10.857230198528335
2714081,-18.189376027033276,-8.628225399212539
2714066,-23.61232212662685,-14.748184950727099
2716489,-19.84510111162576,-11.411005164435494
2714050,-21.784594754361848,-13.48334521681401
2714040,-17.767206412032113,-10.067360690544193
2714010,-24.76642506941158,-15.308543268191944
2713971,-21.154594888153422,-13.655715008299055
2713942,-20.07466924559534,-9.230314825959871
2713915,-19.53144012247638,-5.029147286137057
2713867,-21.572723300862336,-13.294010001702395
2713864,-18.31677795709469,-9.927540337069356
2713852,-21.309177348125708,-12.107450984861947
2724007,-19.251518794351327,-11.210847566870452
2713835,-21.086176772269884,-12.820312506343692
2724008,-21.575999192045135,-13.151355113656843
2713815,-23.824236244941172,-15.801314123710487
2713805,-19.02467985869654,-13.257845838086489
2713777,-19.295321502623278,-10.126987501644393
2713773,-20.50585972786657,-13.648206364385794
2713753,-20.980781833617648,-12.736970062551555
2713734,-20.227360455358212,-12.061695297776623
2725599,-19.785728704454545,-10.29499250940821
2725600,-20.365580628129642,-11.982611088951373
2713688,-21.44351110106806,-11.546771760624383
2713677,-18.479034222803566,-10.821316504956226
2713673,-20.794935688308023,-9.954802717710587
2713667,-17.024920820312406,-10.41055481682783
2713554,-21.568668343863145,-12.037259807254483
2713545,-18.835749867088857,-8.067995070515144
2713532,-20.999634355768787,-12.814632689886327
2722318,-18.478920964082928,-9.312157143610312
2713519,-21.274455393397805,-13.57113233589269
2725602,-23.242766731343842,-6.1949868401779975
2713487,-19.911931655102048,-12.49103110217238
2713452,-19.426562318599107,-12.564230851567261
2713396,-17.228241669868876,-10.202932636398515
2713392,-19.869772836757953,-12.786543817029388
2716523,-22.663629480248417,-12.789417412198151
2713355,-21.395008630683076,-13.07313836113343
2713333,-22.153031411368758,-13.670158750894412
2713316,-21.785478111841442,-12.777481265296494
2722325,-20.408677050823254,-11.372903549841489
2722327,-19.76009517910961,-9.943784993836092
2717320,-20.301395585159277,-12.12979530949973
2713248,-23.33295571248026,-13.209743004981927
2713236,-19.762895642055415,-12.10612766127498
2713191,-22.135592182538225,-12.639321315378538
2713181,-18.849003495186658,-6.629775950784918
2713154,-20.48971983631269,-12.517569272195646
2713135,-17.928327917679503,-10.007215042643937
2713124,-16.697082406441247,-10.305691500232356
2722332,-21.009940299546603,-10.825326091437873
2725607,-21.05836982641731,-4.294968464232251
2713115,-17.947251936806094,-8.847654897953806
2716542,-20.21678962644255,-12.90349173940225
2713046,-19.82090556317894,-11.852651447547125
2717325,-21.137879973111584,-12.314236703226658
2725609,-21.104574074800553,-12.26600119668237
2713004,-18.445456209263906,-8.331285768609007
2713001,-19.825686777650372,-11.308318336523477
2717328,-23.57790745199162,-3.880014110099692
2712972,-15.039515806090261,-7.582647570045382
2712956,-21.505603379422674,-13.654623880978791
2712929,-19.799857457742426,-9.598801496806885
2712896,-15.84412768866116,-10.940593864979862
2712891,-18.888963558884747,-8.0840270695677
2716554,-21.928302429003363,-12.50297028506145
2712875,-19.21777334780831,-10.49408158327087
2716556,-21.563464690658563,-6.529779757948569
2717335,-21.205186742586235,-12.407877667441161
2725613,-19.904222589538996,-10.462090232683618
2724013,-21.90171589414352,-12.432333706088519
2712736,-23.736259235001686,-13.38074745522525
2712684,-18.032058813927925,-10.45231961545876
2712672,-17.597998727289628,-9.170345522001226
2722342,-19.01020444956493,-11.045780212445717
2724014,-21.296315499010184,-11.688914557656213
2712586,-21.844474250506494,-9.735557781155922
2712561,-17.573916613556413,-11.340917291955364
2712558,-20.934451837827563,-13.11985495767948
2725615,-24.02781120432981,-15.207997367244943
2725616,-21.073068643361157,-3.2242219953088256
2712541,-22.132841935740167,-13.180747063709315
2725617,-18.679652259880353,-10.613142279265638
2712509,-19.71157662710406,-12.339144855767437
2712502,-17.480892670217113,-9.284312967129022
2712488,-18.0846926633674,-12.235926916757677
2712404,-19.5516315118819,-10.520064543761416
2712399,-20.301559145778036,-10.307821874302906
2722349,-20.930941164760505,-6.576233799839446
2712356,-22.31345763686448,-13.070927339042754
2712332,-17.115785698336552,-8.635673724746411
2712313,-20.428223629979016,-12.044955831710675
2712306,-20.032801942587596,-2.576359533475875
2712297,-21.054291177444846,-12.424534391721407
2724017,-20.417389260120515,-13.352660780974272
2712266,-21.16715519985858,-13.301544303630557
2712246,-21.45729998524176,-12.023700536726386
2725620,-22.14582051333311,-11.658613497045959
2712211,-20.419087722706298,-11.937009100428837
2712207,-17.691332208676407,-9.568807117015975
2712197,-22.595966138373132,-13.686649841987972
2712088,-20.977796729135573,-12.768760455074908
2712084,-20.867665671976727,-11.560642008655211
2712068,-23.59275822602876,-9.468620135745573
2712051,-19.902726980283653,-12.480820876192757
2712044,-24.145678927297702,-15.365455027907684
2712035,-21.61171593559575,-11.822554266070028
2712028,-22.23518091181985,-13.179248495569228
2712009,-21.51100296449947,-13.130192723038496
2711997,-21.030121751522817,-12.661321831129026
2711935,-19.72809957391762,-11.716472957693295
2711856,-20.321300031663302,-11.72609976116233
2725626,-21.843014938520636,-12.291141569361555
2716618,-21.268640169992242,-8.504465514341367
2711817,-21.56465350538374,-12.19085801189388
2711771,-17.418684257374444,-13.34559853669917
2711735,-17.990959628695084,-6.63400161952136
2725629,-22.726402328907216,-13.838352110073334
2722365,-17.036732412047137,-8.906203490797742
2725631,-23.925124810007297,-15.07184289356853
2724019,-16.950726869435403,-10.23954317793652
2711685,-20.403262733057286,-12.550122935306723
2725632,-20.924547298801258,-11.913200851385369
2711678,-19.553247471516165,-11.50619110086036
2722366,-22.64471750827605,-13.43362109206571
2725633,-24.394174613225807,-16.242782671944102
2711635,-21.739839812280454,-14.58322717059593
2711632,-19.875867915911495,-10.866401799123004
2725634,-21.44253122999187,-12.431190469901418
2717367,-18.822717920137084,-10.320862691626889
2711589,-21.145915625910348,-12.0821127821101
2722373,-19.449464338666463,-9.60553229755916
2711518,-22.16950839019892,-14.5097149372708
2711515,-21.370255749501165,-10.052822149438768
2711508,-20.526168241958164,-11.995686556476311
2711439,-17.760381823726767,-6.845832493240425
2717370,-21.800179058173825,-13.07302543041586
2711428,-21.288477655246275,-12.387857705828072
2711415,-20.26148086302161,-12.785341066388328
2711357,-19.811712479204477,-10.899975941766968
2711346,-20.872248330810823,-12.793369194597167
2722377,-21.666685302477017,-12.796006703683567
2711325,-19.634073603663637,-10.241680829899105
2711313,-19.63062500105585,-12.400214193553396
2722378,-21.72266075302828,-12.726657383512345
2711307,-23.32792788161631,-14.557955678958882
2722379,-20.173597162061238,-12.002305479567507
2717371,-19.403186186263426,-6.643779423810913
2711280,-22.470734576452507,-11.587403630242385
2711279,-20.266219467695933,-9.911996445626293
2711266,-20.20233103794712,-9.80563691663055
2711257,-22.18851590863948,-13.84183538566501
2711249,-20.275123868487718,-9.705983111567095
2711220,-20.312865562528696,-14.851943471654101
2711217,-21.446964526740924,-12.737809710741757
2711170,-19.798801994383545,-7.4922225720998625
2711157,-21.16747907373532,-12.339799272174327
2711142,-22.594006917734355,-12.935874586490645
2711125,-17.661121350179215,-9.33512034748613
2724023,-21.197837403273564,-12.806657478080435
2711008,-21.200165706395538,-8.562197715109036
2711004,-19.117547151164096,-7.0996169281150285
2710952,-22.06621569856686,-12.657116826042792
2710874,-18.054796710172976,-5.08711516675227
2710871,-19.987943098791174,-13.624662736354455
2716684,-21.644327607470398,-12.401114845713256
2710817,-20.2772822958763,-11.979224777433302
2716688,-19.568244100973786,-8.10840025181811
2710778,-20.798066683185777,-12.657223156150055
2710777,-21.04297368570866,-3.6127832819570114
2725641,-18.131127867872628,-7.8179979591057975
2710745,-21.025955774751395,-12.833899167220064
2710727,-18.051531886221817,-9.36259067320723
2710718,-20.63706680140402,-12.643785874586698
2725642,-23.37943555859183,-14.349044597730106
2710671,-20.333321916220132,-11.105323086528363
2710556,-21.70388322943714,-12.64521498724085
2716709,-18.753231852478073,-8.996169607382512
2710541,-18.210118306289818,-10.070185272371978
2710474,-19.069479941256084,-7.890401644493068
2710447,-22.425012360762096,-11.898123233549414
2710380,-18.94290804889075,-9.380174552726086
2722398,-19.321022210379308,-5.894372252732481
2722399,-19.61392017353264,-3.752904627822727
2717393,-18.93785303208366,-11.064224966587188
2710197,-19.840869049996087,-11.319434020071393
2710196,-19.28172346158986,-10.38937055355339
2710195,-18.21537309699942,-11.0562177626296
2710144,-16.764468972900797,-10.215701267508532
2716721,-20.280717318818837,-9.964177696880066
2724028,-20.198894526280323,-8.079001029951701
2722409,-18.49229135609638,-11.572930235162413
2709934,-20.97379420322146,-11.793147169238788
2709896,-17.19017689925167,-10.583766014955323
2724031,-21.47198215597524,-11.205771334302879
2716727,-24.13846443402364,-14.809426045117034
2717405,-20.623094182512734,-12.917235566316352
2722429,-20.36261263866035,-12.80593986072327
2725644,-20.785478562923586,-12.185122026780036
2725645,-21.572312187087547,-12.858908336721404
2722433,-20.6236853236961,-10.318551772740767
2716751,-20.61541613524227,-4.261649721393148
2717419,-20.851813721217585,-11.408013337307006
2715561,-20.401826561826034,-10.849948996232104
2725649,-22.858838873931383,-13.776848132864734
2716834,-21.418969444358773,-12.68277384786547
2716851,-24.100141567237383,-14.716107669123199
2716852,-23.786831879989567,-14.871780749956386
2722459,-19.494686245873474,-9.204460944020523
2724038,-21.15372736612432,-12.748253345995705
2701237,-20.592651971702892,-12.715526435377116
2701238,-16.495087042583112,-8.600779570147806
2701322,-19.761160205924067,-7.396676282190652
2701363,-17.723502887523733,-11.300632931746444
2701386,-22.23879140417368,-13.877490258789262
2701410,-22.07469531016251,-13.636623117751483
2725653,-21.835903259568916,-12.782542088256932
2701444,-21.890332884864975,-14.033998797131943
2724039,-21.573789414014332,-8.325926398183494
2701609,-21.483857293691955,-12.397285024327076
2701670,-21.2760010523498,-12.898343289368043
2724040,-18.437974033158753,-10.604972498931106
2724041,-20.1574514187204,-11.325239427996907
2700794,-18.40602718289745,-10.539081278014217
2717065,-20.999921524596726,-9.175663305439068
2725654,-20.379465253911114,-5.278603403593952
2700381,-20.822109778974948,-12.459006335866931
2725655,-20.7724041110692,-9.496478421247605
2700333,-19.772416911882154,-11.119289111840953
2717075,-20.20273044011242,-4.418329949201259
2700174,-23.951049115272365,-14.885666432184072
2700134,-20.894019709905788,-12.69164904678334
2700019,-19.137993106881698,-11.709597095490723
2715699,-20.815878288188035,-8.094745034794123
2715487,-20.635420058428906,-13.657782697579933
2715349,-17.926421156130303,-9.750877935067914
2715312,-19.41325424609368,-11.241524220256998
2715289,-21.82363048665723,-12.569829025231675
2715279,-22.15020729957703,-11.502791551496308
2724859,-21.009531772990748,-7.495381549667927
2715138,-22.724430310643324,-12.437235551472972
2722472,-21.06130441800629,-12.667329517849021
2724045,-22.40995592907408,-14.310143421170881
2725660,-20.918061182791607,-11.57933315166163
2714721,-21.637156180824885,-13.839969553869588
2714686,-20.444710485220078,-8.779869602308946
2714658,-18.17858665470741,-13.08500055997423
2714640,-21.718858215457306,-12.84374452506991
2714595,-15.858360600111585,-10.979656997042643
2714538,-20.195301308904142,-10.386360882668471
2714408,-17.979341274827167,-10.287324185318777
2714288,-18.59965704488072,-12.09907172519997
2717450,-21.01911728950257,-13.125533807030768
2714086,-19.242703267497156,-6.629616210903913
2724046,-17.435562235044937,-7.702537350970482
2714002,-20.2307180641995,-12.373745637327135
2713964,-20.647031967122107,-8.650361596356046
2713953,-21.05927966768917,-12.15891411342033
2713846,-21.118824840688713,-9.687855004206416
2713826,-19.077447548171342,-8.893709806405562
2725663,-18.95460160713321,-10.460886124087246
2713762,-23.19214486594556,-14.003462305600394
2724047,-23.32228121897807,-13.95918355417824
2713681,-21.720636607762888,-10.946272131125289
2713672,-15.331764580452976,-8.81022281543228
2713656,-18.038030437201403,-12.226604483869549
2713559,-21.486698744875202,-13.220121468468717
2724048,-19.48481025290211,-7.923090648939775
2713393,-19.590724438424413,-12.88975336550944
2717458,-20.176592845348274,-11.905943075767068
2712708,-19.740629437714833,-11.828505191029189
2712616,-21.122559264154706,-5.6404228125097085
2712604,-19.092473766885924,-10.039154848072728
2712552,-20.59266648150507,-10.992670712377713
2712444,-16.18142236509068,-6.359161036090413
2717466,-20.354731349639422,-12.620405670598972
2717115,-19.230520643715593,-11.444439169485706
2712154,-21.47378857999802,-12.62203370843878
2725670,-21.550711307392913,-11.003562498352313
2717120,-21.47262157887957,-11.922666791125843
2725671,-22.918275053663432,-13.677522972546708
2722493,-22.658179432353442,-13.444371174222027
2711481,-20.994044752168925,-10.46278241533297
2711345,-18.40421881459509,-6.427971893371151
2711255,-21.72719939402946,-13.267805785953952
2711119,-22.09329096339438,-13.50277529047473
2710878,-19.19839565707362,-9.457119054333857
2710838,-20.809560539392564,-8.783343868464787
2710792,-19.38755950438548,-9.605116646711972
2710733,-20.85377110918511,-12.309090578914967
2724052,-22.67322989867743,-10.599075529088992
2710215,-18.829410666586707,-10.744095218969589
2710214,-20.358637703009954,-9.606899689362864
2710213,-19.60185865552931,-10.413508673049519
2710199,-19.447740549291595,-13.437275412772497
2722504,-19.416080155448743,-7.463791448721796
2717163,-21.92221482655685,-13.043683966156555
2722516,-21.366792013767608,-11.859542346614296
2725676,-20.501794751452827,-5.027580150951143
2725677,-20.475645923759174,-4.691020159638139
2722520,-20.02870196795381,-3.486019679621547
2718169,-21.938938084356014,-13.505213848495885
2718452,-22.900453479195072,-14.860253360600863
2718453,-21.780326094837942,-13.093388166480795
2718960,-19.42025341836155,-10.255127766251046
2718667,-22.79484078399114,-14.555356803565896
2718668,-20.49650796344111,-13.744132066947508
2718669,-22.524184037022337,-12.54479805424741
2718670,-20.654336196826584,-13.69030277705685
2718671,-21.467372515219708,-11.186646102718024
2722534,-17.419409058292796,-11.631619659300297
2718602,-20.402886073542778,-13.109032581725781
2724057,-21.351881476531293,-12.236126668780237
2722535,-19.310659999153295,-7.4671594663434
2722536,-19.551343956443162,-8.2862425554347
2722537,-21.92455633483162,-12.36842187017269
2722538,-21.442136623449343,-11.991747338839524
2722542,-21.8296070658208,-14.474823857618857
2722548,-17.56351870059042,-7.886071341924315
2722549,-17.680810981840658,-8.567405374384611
2722550,-17.88490973473971,-9.01902000129805
2725678,-23.072601966861686,-8.119177572001027
2716470,-18.96301032095037,-11.21692128644355
2718540,-19.925910115153517,-12.395590065406536
2722564,-21.62155029639434,-10.5949691528832
2718454,-23.135615785046564,-14.520830057589205
2722574,-19.89088561037844,-12.61495830844309
2722575,-22.17302725495661,-13.901951351088975
2725683,-23.11869647087347,-13.508523153135352
2722605,-21.97366995652317,-11.760848436049413
2722611,-19.423665838600346,-9.237353580591288
2722612,-20.09961168033675,-11.253725716153436
2725685,-17.156531328788237,-11.126426709669083
2722660,-21.18437087562223,-11.88214836738389
2724063,-22.665516343645596,-14.250270175759493
2724064,-22.20874982953389,-11.17304491033104
2724065,-20.995851559313493,-12.618223660335795
2724066,-20.473069999997396,-11.86761743159358
2712658,-21.220248052609108,-12.433966934588899
2722727,-22.807181896828993,-12.777409772255508
2722728,-22.63757673068521,-12.894223360836197
2722729,-21.325605111715948,-10.312570001314674
2725688,-23.412282249253614,-15.217152220416398
2718033,-21.736895467942333,-14.314929519401742
2722741,-17.948162062300828,-5.857762939517257
2700652,-25.905597435902678,-19.669616110423686
2722746,-19.002691144921876,-1.8376098740782136
2722767,-20.986588558456912,-12.14062043504128
2722769,-22.187611265836203,-13.939195494778374
2724068,-22.521638456172944,-14.139240597090119
2719058,-20.632154864284182,-9.10952560420616
2722778,-19.140401536194652,-11.372604657804729
2718185,-19.22795469312749,-3.303491092914488
2722779,-16.584235545669845,-10.79995439510386
2722780,-18.06078469109651,-9.088355377895482
2722795,-20.283591849218418,-12.156021429583797
2722799,-20.40315689765436,-10.566288359080186
2724070,-20.042039983128866,-10.966824627700943
2724071,-21.954267432516463,-12.12083872258868
2722802,-21.404622446747727,-12.51851374689407
2718218,-18.572613870382064,-11.3928995757046
2724073,-18.452114593746845,-10.380489691891531
2701084,-19.286906999374892,-9.464921489415211
2722848,-21.627224785342186,-8.545043413096295
2722849,-24.207231802697088,-14.903881639362192
2723663,-17.13362413624258,-11.670049140780312
2722874,-20.236881006327838,-12.839216158795974
2722875,-19.85600719161829,-11.152796493283764
2711919,-20.883637864376542,-10.567444857650658
2714436,-20.060197081568727,-11.666225225466299
2722918,-21.541129256430764,-12.365669845256214
2722919,-21.630543295406135,-12.976290870504746
2724916,-24.716957741479906,-16.576824041071053
2724788,-19.384620170152726,-10.671920759420704
2724789,-20.429418687423336,-10.989842139234518
2724790,-20.27963605330641,-11.224824786537166
2701607,-21.30356935210339,-12.117821459782318
2724742,-20.887599267984008,-12.740137459989608
2724084,-20.607037526562003,-11.450513587010287
2724786,-21.15694382207346,-12.41502648253005
2724825,-16.551549445136065,-10.346435915088788
2724822,-21.487671135424343,-11.1847360748195
2724827,-21.885930734879857,-10.61643133142941
2724772,-21.713029230693873,-11.170468541739393
2724800,-20.775408960267256,-13.05888092911296
2724820,-19.05618996224801,-11.440525396675948
2724821,-22.00121354410653,-11.130077167386432
2724914,-19.578914868484148,-11.483317812759482
2724087,-21.22118350642122,-13.25321990467806
2724815,-20.075436332986467,-12.16565521049079
2724872,-20.62950320296715,-12.465958533938604
2724756,-19.85307562235177,-4.36441937512414
2724774,-21.389653274808683,-10.317160636105742
2724823,-21.17063080111918,-12.786258140303447
2724830,-20.587090251148354,-9.273649067300308
2724911,-20.686287279612056,-8.611433207541886
2724889,-22.381159068318876,-13.41192726259793
2724777,-19.91355572442851,-10.699540806153706
2724099,-20.884081122939484,-8.540656592638614
2724812,-16.694973284548798,-5.523255942658807
2724100,-16.2867665542295,-10.651360710075242
2724101,-19.500362259377418,-12.332007345451263
2724102,-18.45334458307741,-9.8647215043062
2724862,-20.630704153552575,-10.90402030922044
2724105,-18.901272145388127,-5.333579011641832
2724106,-16.407419109912226,-5.5918273983676094
2724107,-16.277735419183344,-6.989647645204877
2724108,-15.688035240868693,-5.570400172285687
2724109,-16.450046228033028,-5.859539140749996
2724110,-16.299986309073223,-9.229198670895487
2706910,-21.972582474576864,-12.578998574222751
2724418,-19.57907036996112,-13.041276844788714
2724419,-20.283173929306272,-12.039935276344625
2725948,-19.474776082794552,-7.840124128964897
2725949,-19.674151974045078,-10.982131728317018
2725950,-18.4769205724388,-6.975222571727685
2726554,-21.115071734326055,-12.684549444586732
2726556,-21.77476620456235,-11.210728993011662
2726568,-19.984593221388582,-10.527343670465772
2726604,-21.30471309326858,-3.768193303576094
2726547,-22.903129891541163,-4.497256612772191
2726581,-22.46039316914566,-4.920535187152888
2726550,-24.89647275668302,-4.75356700467294
2727142,-20.57183594228973,-4.975721200036291
2726570,-22.32337481828333,-4.755662120905503
2725965,-19.417055430951187,-14.326920395751412
2725966,-15.743177304282797,-10.587185700813174
2725967,-13.826698173817297,-8.51815323163498
2726539,-17.77635546919771,-10.039605246020495
2726589,-18.543674537865005,-9.543387718848159
2725976,-15.991125521842443,-8.630923401028125
2726486,-15.18534208651814,-10.40873649184943
2726482,-16.433294230394065,-10.888694499206535
2726442,-17.63650278011596,-9.962944615298225
2726443,-19.493572627020416,-11.882268811673846
2725982,-21.12482463669417,-10.865558976780525
2726590,-18.084412602554853,-8.577754777114876
2726623,-18.025336129612484,-7.379201617167966
2726559,-16.73384409852059,-8.586493251203725
2726576,-22.770113376793358,-14.70735545068264
2726532,-23.271934413686928,-14.20201141461631
2726665,-17.545620007757194,-10.48241456597647
2726514,-17.80451069803533,-11.14542730676618
2726507,-17.72403445805737,-2.7303889884098846
2726035,-20.571768403848488,-12.158961049036074
2726619,-16.227382304837906,-10.040386269119832
2726039,-19.836893469896914,-10.06518960882827
2726040,-15.55991403944465,-9.900250753447617
2726645,-21.23393553128933,-12.362641631830861
2726045,-22.17365108592377,-12.737941910844947
2726592,-18.808794493172943,-7.362711787110108
2726555,-17.30270683819226,-9.554020601901932
2726046,-19.896453868888283,-11.331173580306087
2726047,-18.40864613032496,-11.040024152035627
2726048,-20.05585931499717,-12.311981536186346
2726049,-18.882125316445883,-10.21066356562285
2726566,-19.878721260574757,-9.063442987480169
2700801,-26.415398911613792,-17.286499308199204
2726662,-19.152746553005287,-10.139648049896643
2726253,-22.83536192932433,-13.540021972311296
2726269,-17.359069550718825,-10.175250694948806
2726573,-19.939585673738804,-10.259264975336949
2726265,-19.372716708151025,-10.840219431408865
2726503,-19.46427344934266,-12.06029561403295
2726120,-16.080517407176732,-9.69065193142794
2727190,-18.486365019185243,-11.182197772200686
2714782,-22.291218135859737,-13.594591155311923
2726144,-23.644419549735552,-13.974344431358743
